images,click,organic_click_3p,organic_click_1p,time_elapsed,n_knowledge_panel_rhs,n_people_also_ask,n_top_stories,n_twitter_cards,n_videos,n_ad,n_local_results,n_map_results,n_recipes,Reference,News and Media,Business,Shopping,Information Technology,Education,Entertainment,Streaming Media and Download,Health and Wellness,Government and Legal Organizations,Social Networking,Restaurant and Dining,Finance and Banking,Sports,Games,Society and Lifestyles,Newsgroups and Message Boards,Arts and Culture,Travel,Real Estate,click_prev_1,organic_click_3p_prev_1,organic_click_1p_prev_1,log_time_elapsed_prev_1,log_time_prev_1,user_id
1,1,1,0,33.472,0,1,0,0,1,0,0,0,0,0.0,0.523527413849743,0.0,0.0,0.0,0.0,0.0,0.1455743072066102,0.0,0.2798512241159472,0.0,0.0,0.0,0.0,0.0,0.0510470548276994,0.0,0.0,0.0,0.0,0,0,0,2.447550863244232,11.979878878283518,1458
1,1,0,1,16.282,0,1,0,0,0,0,0,0,0,0.0819614137377575,0.0,0.0786727373972288,0.0,0.0,0.4068262963084281,0.0,0.0,0.0,0.0464279865046349,0.0391693144223525,0.0,0.0,0.0,0.0,0.0,0.0,0.0,0.0,0.0,1,1,0,4.094911068393841,5.16414576903609,609
1,1,1,0,24.825000000000006,1,1,0,1,0,0,0,0,0,0.1109880875883543,0.0,0.0,0.0,0.0,0.0,0.0627551776975927,0.0,0.0,0.0,0.2650783451139341,0.0,0.0,0.0,0.0,0.0,0.0,0.0,0.055963620186842,0.0,0,0,0,2.4624053844414866,6.927083283858992,616
1,0,0,0,13.358,0,0,0,0,0,0,0,0,0,0.0,0.0,0.3200088339222616,0.0,0.0,0.0,0.2328069787985865,0.0,0.0,0.0,0.4141729240282685,0.0,0.0,0.0,0.0,0.0,0.0,0.0,0.0,0.0,1,1,0,2.063693184711697,3.674957998772892,616
1,1,1,0,5.574000000000002,0,1,0,0,0,0,0,0,0,0.393370238134233,0.1033771168397261,0.0,0.0,0.0,0.0,0.1235481018048412,0.0,0.0,0.0,0.0,0.0,0.0,0.3797045432211997,0.0,0.0,0.0,0.0,0.0,0.0,0,0,0,3.7996154957086015,7.181562286377387,616
1,1,0,1,15.15,0,0,0,0,1,0,0,0,0,0.0,0.5000828180212015,0.0330112632508833,0.0,0.0,0.0,0.1324757067137808,0.1443518109540635,0.0,0.0,0.0312555212014134,0.0,0.0,0.1588228798586571,0.0,0.0,0.0,0.0,0.0,0.0,0,0,0,2.6896825437440253,4.131961425793407,616
1,0,0,0,5.651000000000002,0,0,0,0,0,0,0,0,0,0.1499337455830387,0.0,0.0,0.5000828180212015,0.205631625441696,0.0,0.0,0.0,0.0,0.0,0.0,0.0,0.0,0.0,0.0,0.0,0.0,0.0,0.0,0.1443518109540635,1,1,0,0.5347374438123036,10.789668541628869,616
1,0,0,0,6.002000000000002,0,0,0,0,0,0,0,0,0,0.0,0.0,0.0818738957597173,0.0,0.0,0.0,0.0,0.0,0.0,0.0,0.0974271201413427,0.0,0.0,0.0,0.0,0.0,0.0,0.0,0.0,0.0,1,0,0,0.7085282825982477,5.282457257304099,622
1,1,1,0,0.048,0,0,0,0,0,0,1,0,0,0.0,0.0,0.0,0.8392754806105969,0.0,0.0,0.0,0.0,0.0,0.0,0.0585763159265754,0.0,0.0,0.0,0.0,0.0,0.0,0.0,0.0,0.0,1,1,0,1.7259757286820518,3.0836515715918744,619
1,1,1,0,3.475,0,0,0,0,0,0,0,0,0,0.0,0.1547427120141342,0.0642667844522968,0.0,0.0,0.0,0.6444346289752652,0.0,0.0974271201413427,0.0,0.0,0.0,0.0391287544169611,0.0,0.0,0.0,0.0,0.0,0.0,0.0,1,1,0,2.505525936990736,10.643636847275513,1725
1,0,0,0,20.277,0,0,0,0,0,1,0,0,0,0.0322735614811616,0.2428262981755371,0.0,0.6523804383029257,0.0,0.0,0.0,0.0,0.0,0.0,0.0725197020403756,0.0,0.0,0.0,0.0,0.0,0.0,0.0,0.0,0.0,1,1,0,2.8571021903844613,5.660874973644924,634
1,1,1,0,4.346,0,0,0,0,1,0,0,0,0,0.0,0.0,0.518246629894949,0.0,0.0,0.0,0.0,0.1009658297667818,0.0,0.0,0.0342102854004073,0.0,0.0,0.0,0.0,0.0,0.0,0.0,0.0,0.0,0,0,0,0.6243328645595856,3.462104316565677,635
1,1,0,1,4.32,0,1,0,0,0,0,0,0,0,0.4955095371272349,0.0,0.364264839895673,0.0,0.078628664802187,0.0,0.0355780410394997,0.0,0.0,0.0,0.0,0.0,0.0,0.0,0.0,0.0,0.0,0.0,0.0,0.0,0,0,0,2.107907513990507,9.570375175260809,1237
1,1,0,1,25.045,0,0,0,0,0,0,0,0,0,0.0,0.4788317137809187,0.4218529151943463,0.0,0.0,0.0350485865724381,0.0312555212014134,0.0,0.0,0.0,0.0330112632508833,0.0,0.0,0.0,0.0,0.0,0.0,0.0,0.0,0.0,1,0,1,2.9060810516013444,6.162775711381885,1640
1,1,0,1,8.17,1,0,1,0,1,0,0,0,0,0.0690757508833922,0.5090713339222614,0.0,0.0,0.0,0.0,0.0,0.0974271201413427,0.0,0.1800739840989399,0.0,0.0,0.0,0.0,0.0,0.1443518109540636,0.0,0.0,0.0,0.0,1,1,0,3.713523285026696,7.1607146868752345,1172
1,1,0,1,5.7120000000000015,0,1,0,0,1,0,0,0,0,0.327603899435608,0.0716467598171989,0.0,0.3457945040390422,0.0,0.0,0.0356712446454353,0.1945839846313554,0.0,0.0,0.0,0.0,0.0,0.0,0.0,0.0,0.0,0.0,0.0,0.0,1,1,0,2.19777997862792,7.644928435826626,1103
1,1,0,1,9.99,0,1,0,0,1,0,0,0,0,0.327603899435608,0.0716467598171989,0.0,0.3457945040390422,0.0,0.0,0.0356712446454353,0.1945839846313554,0.0,0.0,0.0,0.0,0.0,0.0,0.0,0.0,0.0,0.0,0.0,0.0,1,0,1,1.7425692250372835,5.72772683989966,1103
1,1,1,0,4.473,0,1,0,0,0,0,0,0,0,0.0,0.0,0.1887999351660502,0.0,0.0,0.0,0.0,0.0,0.0,0.0,0.0327700883941441,0.0,0.0,0.7784299764398057,0.0,0.0,0.0,0.0,0.0,0.0,1,0,0,3.089404749416626,12.391975689468865,652
1,0,0,0,5.9270000000000005,1,1,0,1,0,0,0,0,0,0.1883947982584779,0.0119772438073825,0.0341171704260794,0.0,0.0,0.0,0.0,0.0,0.0,0.588157421725659,0.1006910167818361,0.0,0.0,0.0,0.0,0.0,0.0,0.0,0.0404396030790475,0.0,0,0,0,3.151709855008344,4.014417125682369,777
1,1,0,1,12.977,0,1,0,0,0,0,0,0,0,0.0,0.0,0.0,0.0,0.0,0.0,0.4003384624136067,0.0,0.0,0.0,0.0929065104240734,0.0,0.0,0.0,0.0,0.0,0.0651895673938394,0.0,0.0,0.0,0,0,0,0.134530892957606,10.157039680853345,685
1,0,0,0,4.87,0,0,0,0,1,0,0,0,0,0.0,0.0,0.0,0.0,0.5091141712400258,0.0,0.0402612706642873,0.0477222989124945,0.0,0.0,0.0808659641089525,0.0,0.0,0.0,0.0,0.0,0.0,0.0,0.0,0.0,0,0,0,1.235471471385307,5.687280394556695,1088
1,1,0,1,11.178,0,1,0,0,0,0,0,0,0,0.0,0.0,0.0597877171674499,0.5693615673021071,0.0,0.0,0.1418915350900352,0.0,0.0,0.0,0.2289591804404076,0.0,0.0,0.0,0.0,0.0,0.0,0.0,0.0,0.0,0,0,0,0.9846967645382154,8.688253578583158,701
1,1,1,0,11.059,0,0,0,0,0,0,0,0,0,0.0,0.0,0.1834805653710247,0.0,0.0,0.0,0.0,0.0,0.0,0.0,0.0,0.0,0.0,0.0,0.0,0.0,0.0,0.0,0.0,0.0,1,1,0,2.6636802533662696,4.733273121162427,719
1,1,1,0,11.38,0,0,0,0,0,0,0,0,0,0.0,0.0,0.1834805653710247,0.0,0.0,0.0,0.0,0.0,0.0,0.0,0.0,0.0,0.0,0.0,0.0,0.0,0.0,0.0,0.0,0.0,1,1,0,2.403244576093223,3.333632062166389,719
1,1,1,0,10.699000000000002,1,1,0,0,1,0,0,0,0,0.2761261023393358,0.1638696731266831,0.0,0.0,0.0,0.0,0.3680836457728257,0.1321328615937054,0.0,0.0,0.0,0.0,0.0,0.0,0.0,0.0,0.0,0.0,0.0,0.0,0,0,0,3.0315819264476884,11.491080368853972,1396
1,1,1,0,9.285,1,1,0,0,1,0,0,0,0,0.0,0.0715208497810952,0.0,0.1496566903514438,0.0,0.0,0.1775999425823582,0.2110816048230819,0.0,0.0,0.0,0.0,0.0,0.0,0.0,0.0,0.0,0.0,0.0,0.0,0,0,0,2.019160610794906,7.488820516728573,1088
1,0,0,0,23.724,1,1,0,0,0,0,0,0,0,0.5963510428355844,0.0547633788646829,0.0,0.0,0.0,0.0,0.0,0.0,0.0,0.3088360484463877,0.0,0.0,0.0,0.0,0.0,0.0,0.0,0.0,0.0400495298533451,0.0,0,0,0,3.760013365272136,10.963824964606504,903
1,0,0,0,6.165,0,0,0,0,0,0,0,0,0,0.0,0.0,0.0506183745583038,0.0721400176678444,0.1800739840989399,0.0,0.3550574204946996,0.0,0.0,0.0,0.1665028710247349,0.0,0.0,0.0,0.0,0.0,0.0312555212014134,0.0,0.0,0.0,1,1,0,-0.03252319170556,6.641440621978621,798
1,1,1,0,9.286,0,1,0,0,0,0,0,0,0,0.0,0.0,0.0,0.2069810424037598,0.2761261023393358,0.2932354649627713,0.0,0.0,0.0,0.0,0.1268310714474309,0.0,0.0,0.0,0.0,0.0,0.0,0.0,0.0,0.0,1,1,0,1.3835405729232697,4.753624673270469,798
1,1,1,0,4.2200000000000015,0,0,0,0,0,0,0,0,0,0.0,0.0,0.0,0.0,0.0,0.0,0.2730344522968198,0.0,0.0,0.1800739840989399,0.0,0.0,0.0,0.0,0.0,0.0,0.0,0.5468915636042403,0.0,0.0,0,0,0,2.5357581799454336,3.747384183486499,824
1,0,0,0,10.147,1,0,1,0,1,0,0,0,0,0.0500384785420725,0.1059606263542535,0.0,0.0,0.0,0.0,0.558222673412692,0.2857782216909819,0.0,0.0,0.0,0.0,0.0,0.0,0.0,0.0,0.0,0.0,0.0,0.0,0,0,0,3.2093102199985,7.980607952681913,833
1,0,0,0,1.411,0,1,0,0,0,0,0,0,0,0.0,0.0,0.0,0.0,0.0360493378461258,0.0,0.0,0.0,0.6348045339935943,0.0,0.0,0.0,0.0,0.0,0.0,0.0,0.0,0.0,0.0,0.0,0,0,0,-0.7765287894989963,1.556037135706985,857
1,1,1,0,6.489000000000001,0,0,0,0,0,0,0,0,0,0.0330112632508833,0.4298586572438161,0.0,0.0,0.0,0.0,0.4397029593639576,0.0,0.0,0.0,0.0,0.0,0.0,0.0,0.0,0.0,0.0,0.0974271201413427,0.0,0.0,1,1,0,2.5126839307874467,4.455439722594325,1409
1,0,0,0,9.178,1,0,1,0,1,0,0,0,0,0.1297791167946554,0.8702208832053445,0.0,0.0,0.0,0.0,0.0,0.0,0.0,0.0,0.0,0.0,0.0,0.0,0.0,0.0,0.0,0.0,0.0,0.0,1,0,1,3.850721904851541,11.429526029785334,1622
1,0,0,0,18.998,0,1,0,0,1,0,0,0,0,0.2761261023393357,0.0748481808100543,0.0,0.0,0.0,0.0,0.489053176321487,0.0968263188467022,0.0,0.0,0.0631462216824206,0.0,0.0,0.0,0.0,0.0,0.0,0.0,0.0,0.0,1,0,1,1.6776571514112446,4.713683725637322,373
1,1,1,0,33.387,0,1,0,0,1,0,0,0,0,0.2761261023393357,0.0748481808100543,0.0,0.0,0.0,0.0,0.489053176321487,0.0968263188467022,0.0,0.0,0.0631462216824206,0.0,0.0,0.0,0.0,0.0,0.0,0.0,0.0,0.0,0,0,0,2.6094078089732102,7.4934770356501215,373
1,0,0,0,29.311000000000003,0,1,0,0,0,0,0,0,0,0.0819614137377575,0.0807560024894362,0.0,0.4397654688984245,0.0,0.0464279865046349,0.2868813259523732,0.0,0.0,0.0370860493301451,0.0,0.0,0.0,0.0,0.0,0.0,0.0,0.0271217530872284,0.0,0.0,1,0,1,5.703782474656201,6.328725758121315,1532
1,1,0,1,5.525,0,0,0,0,0,0,0,0,0,0.0,0.0,0.2417789310954063,0.0,0.0,0.0,0.0391287544169611,0.0,0.0350485865724381,0.0,0.1509496466431095,0.0,0.5000828180212015,0.0330112632508833,0.0,0.0,0.0,0.0,0.0,0.0,0,0,0,3.288103335491904,8.48597555206488,903
1,0,0,0,157.157,0,1,0,0,1,0,0,0,0,0.0,0.1919205787611554,0.0,0.0,0.0748481808100543,0.0,0.2036964672334582,0.2761261023393357,0.0,0.0,0.1863653165760153,0.0,0.0,0.0,0.0,0.0670433542799808,0.0,0.0,0.0,0.0,0,0,0,-1.7092582477163114,7.876018914257314,1416
1,1,1,0,10.524,0,1,0,0,0,1,0,0,0,0.0,0.0,0.037087349733894,0.0,0.0,0.0,0.0,0.0,0.0,0.0,0.0,0.0,0.0,0.0,0.0,0.0,0.0,0.0,0.0,0.962912650266106,1,1,0,2.571695779860391,5.249515702312479,903
1,0,0,0,2.734,0,1,0,0,1,0,0,0,0,0.0,0.0,0.0600609256772249,0.0,0.1555111533296209,0.1156015591732451,0.0,0.5509843100003277,0.0,0.0,0.0391693144223525,0.0,0.0,0.0,0.0,0.0,0.0,0.0,0.0,0.0,1,1,0,2.353183145757137,4.289801690631364,908
1,1,0,1,2.406,0,0,0,0,0,0,0,0,0,0.0,0.0,0.0355052966301014,0.3685375781637095,0.0374997648032814,0.0,0.0398141005136695,0.0,0.0,0.0,0.0444490438469402,0.0,0.0,0.0,0.0,0.4741942160422978,0.0,0.0,0.0,0.0,1,1,0,2.173159545553588,8.303092628751658,921
1,0,0,0,4.093,0,1,0,0,1,0,0,0,0,0.18521568271131,0.3193273970424549,0.0,0.0,0.0,0.0,0.3952479385775618,0.1002089816686732,0.0,0.0,0.0,0.0,0.0,0.0,0.0,0.0,0.0,0.0,0.0,0.0,1,1,0,2.123099511019299,4.405169266176144,1287
1,1,1,0,32.866,0,0,0,0,0,0,0,0,0,0.0,0.0993153710247349,0.0,0.3706272084805654,0.0,0.0,0.0391287544169611,0.0,0.0,0.0,0.0690757508833922,0.0,0.0,0.0,0.0,0.0,0.0,0.0,0.0,0.0,1,1,0,2.6849180370451635,10.43351064994152,938
1,1,0,1,6.223000000000001,0,0,0,0,0,0,0,0,0,0.0,0.0,0.0,0.8917954946996467,0.0,0.0,0.0,0.0,0.0690757508833922,0.0,0.0,0.0,0.0,0.0391287544169611,0.0,0.0,0.0,0.0,0.0,0.0,1,1,0,1.290333969973979,3.3786108829893595,958
1,1,1,0,26.138,0,1,0,0,0,0,0,0,0,0.057891185000091,0.0,0.0,0.0,0.0516260236744669,0.0,0.8527276706732085,0.0,0.0,0.0,0.0,0.0,0.0,0.0,0.0,0.0,0.0,0.0,0.0,0.0,0,0,0,3.1887876825509154,11.4175769834324,959
1,0,0,0,21.59800000000001,0,0,0,0,0,0,0,0,0,0.0,0.0,0.0,0.0,0.6064984540636043,0.0,0.0,0.0,0.0,0.0,0.0,0.0,0.0,0.0,0.2134275618374558,0.0,0.0,0.0,0.0,0.0,0,0,0,1.0678093795130648,5.843941439656722,976
1,0,0,0,300.0,1,1,0,0,1,0,0,0,0,0.495978956900455,0.0,0.0,0.0,0.0,0.0,0.0,0.1348720381190573,0.0,0.0,0.0,0.0,0.0,0.0,0.0,0.16328884672603,0.0,0.0684331946271101,0.0,0.0,0,0,0,3.56138693359866,11.09711808445984,349
1,0,0,0,12.177,0,0,0,0,0,0,0,0,0,0.0,0.0663041077738515,0.0974271201413427,0.0,0.0,0.0,0.1949701855123674,0.0,0.0,0.0,0.6412985865724383,0.0,0.0,0.0,0.0,0.0,0.0,0.0,0.0,0.0,1,1,0,3.1246530536208303,6.857080740494087,1010
1,1,0,1,11.91,1,1,0,0,1,0,0,0,0,0.1021482034628276,0.0,0.3355156903947346,0.4278288152174543,0.0,0.0,0.0,0.0410248395070304,0.0,0.0,0.0607123630238089,0.0,0.0,0.0,0.0,0.0,0.0,0.0327700883941441,0.0,0.0,1,1,0,3.230290429683455,11.063527277933428,1016
1,0,0,0,12.635000000000002,1,0,0,0,1,0,0,0,0,0.0,0.0,0.5215602915194347,0.0,0.0,0.0,0.1443518109540636,0.0330112632508833,0.0,0.0,0.2698211130742049,0.0,0.0,0.0,0.0,0.0,0.0,0.0,0.0,0.0,0,0,0,2.024985355883777,8.279387930613844,1720
1,0,0,0,1.0670000000000002,0,0,0,0,0,0,0,0,0,0.043443346492411,0.0766924944216952,0.715494201015129,0.0,0.0561998872079052,0.0,0.0,0.0,0.0,0.0,0.0,0.0,0.0,0.0,0.0,0.1081700708628595,0.0,0.0,0.0,0.0,0,0,0,2.630160729107504,2.9055340056358423,196
1,1,0,1,19.793000000000006,0,1,0,0,0,1,0,0,0,0.0,0.0,0.0423835336632884,0.0,0.0406551967947206,0.0,0.0,0.0,0.0,0.0,0.0695950192473878,0.0,0.0,0.0,0.0,0.0,0.0,0.0,0.0,0.0,1,0,0,3.0023602598442123,3.7258620877114703,7
1,0,0,0,10.513,0,1,0,0,0,0,0,0,0,0.2761261023393357,0.0631462216824206,0.2153984263610919,0.0,0.0,0.0597877171674499,0.0,0.0,0.0,0.0,0.1321328615937054,0.0,0.0,0.0,0.0,0.1863653165760153,0.0,0.0,0.0,0.0670433542799808,0,0,0,1.4206957878372233,10.752750053181751,457
1,0,0,0,2.72,0,0,0,0,0,0,0,0,0,0.0,0.0,0.2141746069155921,0.0,0.0477222989124945,0.6550957880206056,0.0,0.0,0.0,0.0,0.0,0.0,0.0,0.0,0.0,0.0,0.0,0.0,0.0,0.0,0,0,0,-0.0100503358535014,3.7990110699506174,1088
1,0,0,0,0.5740000000000001,0,0,0,1,1,0,0,0,0,0.0,0.0,0.0484624867308153,0.0511848097798171,0.0,0.0,0.2792093278087868,0.1071037222203198,0.0,0.0,0.2238211827551963,0.0,0.0,0.0,0.2902184707050645,0.0,0.0,0.0,0.0,0.0,0,0,0,1.924394627020762,8.92757751365972,1088
1,0,0,0,300.0,0,1,0,0,1,0,0,0,0,0.0798682800616783,0.0,0.0,0.4082359807995538,0.0,0.0,0.2841300124576397,0.227765726681128,0.0,0.0,0.0,0.0,0.0,0.0,0.0,0.0,0.0,0.0,0.0,0.0,1,1,0,1.1531004739521795,7.929062387305013,1088
1,0,0,0,300.0,0,0,0,0,0,1,0,0,0,0.2346162150491201,0.0,0.0342653567958544,0.0,0.101084961675483,0.0,0.0,0.0,0.0,0.0,0.0,0.3128576055273671,0.0,0.0,0.0,0.0,0.0,0.0,0.0,0.0,1,0,1,3.5598806310018176,7.314462282285801,884
1,1,1,0,45.101000000000006,0,0,0,0,0,0,0,0,0,0.0,0.0993153710247349,0.0,0.0,0.0,0.0,0.644434628975265,0.0,0.0,0.0,0.0,0.0,0.0,0.0,0.1665028710247349,0.0,0.0,0.0,0.0,0.0,1,1,0,3.121880225542002,8.625590092586302,1101
1,0,0,0,18.435,0,0,0,0,0,0,0,1,0,0.0,0.0,0.0,0.0,0.0786727373972288,0.0,0.0,0.0,0.0,0.0,0.0,0.0,0.0,0.0,0.0,0.0,0.0,0.0,0.0,0.9213272626027712,0,0,0,3.733542064020126,8.187744233731097,1103
1,1,1,0,11.878,0,0,0,0,0,0,0,0,0,0.0690757508833922,0.0,0.0,0.0,0.1949701855123674,0.5000828180212015,0.0,0.0,0.0,0.0721400176678444,0.0,0.0,0.0,0.0,0.0,0.0,0.0,0.0,0.0312555212014134,0.0,0,0,0,2.757982569850419,8.3039541778275,1122
1,1,0,1,8.595,1,0,0,0,0,0,0,0,0,0.0500384785420725,0.1426980826224354,0.0,0.6013186405340059,0.0,0.0,0.0672801401601361,0.0,0.0,0.0,0.0,0.0,0.0,0.0,0.0,0.0,0.0,0.127208422707252,0.0,0.0,1,1,0,3.700239681684571,8.188784953185815,1255
1,1,1,0,13.778,0,0,0,0,0,0,0,0,0,0.0,0.0,0.138444125441696,0.5507011925795053,0.0,0.0,0.0,0.0,0.0,0.0,0.0,0.0,0.0,0.0,0.0,0.0,0.0,0.0,0.0,0.0,1,0,0,2.187174241482718,3.543969282318128,622
1,1,0,0,32.634,0,0,0,0,0,1,0,0,0,0.4980019980019981,0.052147852147852,0.3415952468584047,0.0,0.0110363320889635,0.0,0.0,0.0,0.0,0.0,0.0,0.0,0.0,0.0,0.0,0.0,0.0,0.0972185709027814,0.0,0.0,1,0,0,1.7045662575256777,6.320717933270259,1158
1,1,1,0,7.877999999999999,1,0,0,0,1,0,0,0,0,0.3757522383678262,0.0883659235339845,0.3150839082146877,0.0,0.0307744997309066,0.0,0.1421302412055384,0.0478931889470564,0.0,0.0,0.0,0.0,0.0,0.0,0.0,0.0,0.0,0.0,0.0,0.0,0,0,0,-1.1086626245216111,6.964019348571019,642
1,1,1,0,43.517,1,1,0,0,0,0,0,0,0,0.0315761290934343,0.0395301231028385,0.0,0.0,0.0697843050853129,0.0,0.0,0.0,0.0,0.0,0.1969701195330235,0.0,0.0,0.0,0.0,0.0230922406724638,0.0,0.0354081023644445,0.0,0.0,0,0,0,2.1403014299365983,4.588278318317873,1172
1,1,1,0,33.474000000000004,0,1,0,0,1,0,0,0,0,0.0,0.1713623060356727,0.3512728477552599,0.0,0.0,0.0,0.0,0.1948865205146613,0.0,0.0,0.0,0.0,0.0,0.0,0.0,0.0,0.0,0.0,0.0,0.0,1,1,0,2.9800601041596955,5.361972685277158,786
1,1,1,0,2.4530000000000003,0,0,0,0,0,0,0,0,0,0.0,0.0,0.3499834363957597,0.3706272084805654,0.0,0.0,0.0,0.0,0.0,0.0330112632508833,0.0663041077738515,0.0,0.0,0.0,0.0,0.0,0.0,0.18007398409894,0.0,0.0,1,1,0,2.657808984665464,4.383163488210944,1183
1,1,1,0,2.732,0,0,0,0,0,0,0,0,0,0.0,0.0,0.3499834363957597,0.3706272084805654,0.0,0.0,0.0,0.0,0.0,0.0330112632508833,0.0663041077738515,0.0,0.0,0.0,0.0,0.0,0.0,0.18007398409894,0.0,0.0,1,1,0,2.085299351163996,11.197972375698996,1183
1,0,0,0,30.397,0,0,0,0,0,0,0,0,0,0.1520482460221457,0.0369172792407182,0.5472224806922864,0.0,0.0,0.0,0.0,0.0,0.0329219782264818,0.0,0.1896750255885363,0.0,0.0,0.0,0.0,0.0412149902298315,0.0,0.0,0.0,0.0,1,1,0,2.475361236944469,6.289735978864019,1187
1,0,0,0,5.928,1,1,0,0,1,0,0,0,0,0.644786496574921,0.0613130153000533,0.0,0.0,0.0,0.1656035932564911,0.0,0.1282968948685344,0.0,0.0,0.0,0.0,0.0,0.0,0.0,0.0,0.0,0.0,0.0,0.0,1,1,0,2.692733496990317,9.900715664401323,773
1,0,0,0,36.37600000000001,0,1,0,0,0,0,0,0,0,0.0799591270884623,0.000448167889667,0.0700695556564762,5.3780146760045e-05,2.987785931113611e-05,0.4842782704304801,0.0,0.0,0.0,0.0261670291846928,0.3003382173674024,0.0,0.0,0.0,0.0,0.0,0.0,0.0003226808805602,0.0001135358653823,0.0,0,0,0,2.488317492910082,4.540066171656045,1205
1,1,1,0,14.166,0,1,0,0,0,0,0,0,0,0.08351403583478,0.0,0.1427233122604736,0.0,0.0415866880670836,0.0,0.0,0.0,0.0,0.521726882636182,0.171279766779128,0.0,0.0,0.0,0.0,0.0,0.0,0.0,0.0,0.0,1,1,0,1.8159641579248724,6.091049667229276,1218
1,1,1,0,15.250000000000002,0,0,0,0,1,0,0,0,0,0.0,0.5704670936395762,0.0,0.0,0.0,0.0,0.0690757508833922,0.0506183745583038,0.0,0.0,0.2768275176678445,0.0,0.0,0.0,0.0,0.0330112632508833,0.0,0.0,0.0,0.0,1,1,0,1.967392037871213,5.391702968266766,674
1,1,0,1,9.992,0,0,0,0,0,1,0,0,0,0.1411259851020188,0.0,0.0546205333045449,0.0,0.0,0.0,0.0,0.0,0.0,0.0,0.5194645363273239,0.0,0.0,0.0,0.0,0.0,0.0,0.0,0.0,0.0,1,1,0,2.152227211405484,3.888631545970776,1220
1,0,0,0,28.656,1,1,0,0,1,0,0,0,0,0.4780959022109193,0.0940153410722343,0.0,0.0,0.0,0.0,0.1282968948685344,0.0613130153000533,0.0,0.0,0.1656035932564911,0.0,0.0,0.0,0.0,0.0,0.0,0.0726752532917675,0.0,0.0,0,0,0,0.7070500857289368,11.315115649950952,182
1,1,0,1,4.968999999999999,0,1,0,0,0,0,0,0,0,0.5911136976376831,0.0,0.0,0.0,0.0,0.0672351746499281,0.0,0.0,0.0,0.2574794826418993,0.0,0.0,0.0,0.0,0.0,0.0,0.0,0.0,0.0,0.0,1,1,0,0.6820862332005203,3.2528133758958977,1391
1,1,0,1,20.358,0,1,0,0,1,0,0,0,0,0.2324567160261076,0.34710704356438,0.3457945040390421,0.0,0.0,0.0,0.0746417363704702,0.0,0.0,0.0,0.0,0.0,0.0,0.0,0.0,0.0,0.0,0.0,0.0,0.0,1,0,1,3.669084826785757,10.6295638929854,1172
1,1,0,1,15.603000000000002,0,1,0,0,0,0,0,0,0,0.411530815109344,0.1124172396811788,0.0,0.0,0.0,0.476051945209477,0.0,0.0,0.0,0.0,0.0,0.0,0.0,0.0,0.0,0.0,0.0,0.0,0.0,0.0,1,1,0,4.009621474192041,4.5450379429333365,1319
1,1,1,0,2.669,0,0,0,0,0,0,0,0,0,0.0,0.0,0.0,0.4454284452296819,0.0,0.0,0.0,0.0,0.0,0.0,0.3530200971731449,0.0,0.0,0.0,0.0,0.0,0.0,0.0,0.0,0.0,0,0,0,2.582486978126864,3.237854583465982,1292
1,0,0,0,16.526,1,1,0,1,1,0,0,0,0,0.5480125553697676,0.0704567455777523,0.0,0.0,0.0,0.0242893602041713,0.0,0.0734019771773886,0.0,0.130446771685881,0.1533925899850391,0.0,0.0,0.0,0.0,0.0,0.0,0.0,0.0,0.0,0,0,0,1.751284636662337,6.420747088200577,1416
1,0,0,0,10.182,0,0,0,0,0,0,0,0,0,0.0,0.0974271201413427,0.4740227473498233,0.0350485865724381,0.0,0.3244257950530036,0.0,0.0,0.0,0.0690757508833922,0.0,0.0,0.0,0.0,0.0,0.0,0.0,0.0,0.0,0.0,0,0,0,1.5692407226826872,4.880359548478057,1328
1,1,0,1,6.952000000000001,0,0,1,0,0,0,0,0,0,0.3890845848056538,0.3340878975265017,0.0,0.0,0.0,0.0350485865724381,0.0,0.0,0.0,0.0,0.0,0.0,0.0,0.0,0.0,0.0,0.0,0.0,0.0,0.0,0,0,0,1.6650618161820976,7.594404392761956,1426
1,1,0,1,290.37,0,1,0,0,1,0,0,0,0,0.2887514495554697,0.0,0.0,0.0,0.0,0.0,0.1381743884256447,0.1948865205146613,0.0,0.0,0.2109006571318128,0.0,0.0,0.0,0.0,0.0,0.1672869843724115,0.0,0.0,0.0,1,0,1,3.68198071242278,7.46251644514373,1361
1,1,1,0,16.254,0,1,0,0,0,0,0,0,0,0.0617393652701913,0.0493165721454146,0.0,0.0,0.0,0.2798525991166401,0.0,0.0,0.0,0.0,0.0,0.0,0.0,0.0,0.0,0.0,0.0,0.4553659322757406,0.0,0.0,0,0,0,2.475865905135852,8.831193968288314,718
1,1,0,1,14.286,0,0,0,0,0,0,0,0,0,0.0506183745583038,0.0,0.0,0.0,0.0,0.0330112632508833,0.0,0.0,0.0,0.4909286660777385,0.0,0.0,0.0,0.0391287544169611,0.0,0.0,0.0,0.0,0.3200088339222615,0.0,1,1,0,2.792452622168559,4.450771141987672,1376
1,1,0,1,16.697000000000006,0,0,0,0,0,0,0,0,0,0.4325978989769529,0.1564323804728445,0.0405499736799944,0.0,0.0,0.0342102854004073,0.0,0.0,0.0,0.0,0.0,0.0,0.0,0.0,0.0,0.0,0.0,0.0,0.0,0.0,0,0,0,2.078065595499905,5.090770305202007,1270
1,0,0,0,5.129,0,0,0,0,0,0,0,0,0,0.0,0.0690757508833922,0.0,0.0,0.0,0.0,0.0,0.0,0.0,0.0,0.7341817579505301,0.0,0.0,0.0,0.0,0.0974271201413427,0.0,0.0993153710247349,0.0,0.0,0,0,0,1.7683202374942923,7.332627511348863,1399
1,1,1,0,2.248,0,0,0,0,0,0,0,0,0,0.0330112632508833,0.0663041077738515,0.0,0.0,0.0,0.1800739840989399,0.0,0.0,0.0,0.0,0.0897471289752649,0.0,0.0,0.0,0.0,0.3200088339222615,0.0,0.2417789310954063,0.0,0.0,0,0,0,5.703782474656201,6.177504183270347,1399
1,0,0,0,5.2570000000000014,0,1,0,0,0,0,0,0,0,0.0,0.0,0.0956463056523243,0.0,0.2027650610100862,0.1140952450435004,0.0,0.0,0.0,0.0,0.0,0.0,0.0,0.0,0.0,0.0,0.0,0.0,0.0,0.0,1,1,0,0.6349882663864131,3.686376323895818,1399
1,0,0,0,300.0,0,1,0,0,0,0,1,0,0,0.2832424718775432,0.0,0.5772768320010702,0.0,0.0,0.0,0.0,0.0,0.0,0.0,0.1394806961213864,0.0,0.0,0.0,0.0,0.0,0.0,0.0,0.0,0.0,0,0,0,3.5717836822376894,8.695913103400516,1674
1,0,0,0,3.51,0,1,0,0,0,0,0,0,0,0.1467394049603475,0.508354239980244,0.0317724907814315,0.0232358438147193,0.0,0.0,0.1552311517457751,0.0,0.0,0.0,0.1346668687174824,0.0,0.0,0.0,0.0,0.0,0.0,0.0,0.0,0.0,0,0,0,2.692124050551951,6.014401961702583,1409
1,1,0,1,12.128,0,1,0,0,0,0,0,0,0,0.1467394049603475,0.508354239980244,0.0317724907814315,0.0232358438147193,0.0,0.0,0.1552311517457751,0.0,0.0,0.0,0.1346668687174824,0.0,0.0,0.0,0.0,0.0,0.0,0.0,0.0,0.0,0,0,0,1.2556160374777745,5.049387949009419,1409
1,0,0,0,15.528,0,0,0,0,1,0,0,0,0,0.0,0.0,0.0,0.0,0.0,0.0,0.0,0.1009658297667818,0.0,0.0,0.2311926395532464,0.0,0.0,0.0,0.0,0.0,0.0,0.0,0.0,0.0,1,1,0,2.2321626286975,7.88529124005612,1416
1,0,0,0,13.328,0,0,0,0,0,0,0,0,0,0.0350485865724381,0.0,0.0330112632508833,0.0,0.0974271201413427,0.0,0.0,0.0,0.0,0.0,0.1949701855123675,0.5704670936395762,0.0,0.0,0.0,0.0,0.0690757508833922,0.0,0.0,0.0,1,1,0,2.993730270883318,9.549252700578649,1418
1,1,0,1,3.616,0,0,0,0,0,0,0,0,0,0.0,0.0,0.0,0.0,0.8567229620006496,0.1432770379993505,0.0,0.0,0.0,0.0,0.0,0.0,0.0,0.0,0.0,0.0,0.0,0.0,0.0,0.0,1,1,0,1.2632789102233437,4.306278857235607,1426
1,1,1,0,9.152,0,0,0,0,0,0,0,0,0,0.0,0.0,0.0,0.0,0.5857497791519435,0.4142502208480565,0.0,0.0,0.0,0.0,0.0,0.0,0.0,0.0,0.0,0.0,0.0,0.0,0.0,0.0,1,1,0,2.01156411927675,2.424891217378014,1426
1,0,0,0,10.44,0,0,0,0,0,0,0,0,0,0.0,0.0,0.0,0.0,0.0,0.0,0.0,0.7351818772328678,0.0,0.0,0.2648181227671323,0.0,0.0,0.0,0.0,0.0,0.0,0.0,0.0,0.0,1,1,0,2.4383390139716656,5.405340499291763,1428
1,1,0,1,5.462999999999999,0,0,0,0,0,0,0,0,0,0.0,0.0,0.0,0.0,0.0,0.4999171819787985,0.0,0.0,0.0,0.0,0.0,0.0,0.0,0.0,0.0,0.0,0.0,0.0,0.0,0.0,1,1,0,2.2823823856765264,4.685809638650837,1436
1,0,0,0,3.0780000000000003,0,0,0,0,0,0,0,0,0,0.0,0.5334363957597174,0.0330112632508833,0.0,0.0,0.0,0.0,0.0,0.0,0.0350485865724381,0.219202738515901,0.0,0.0,0.17930101590106,0.0,0.0,0.0,0.0,0.0,0.0,0,0,0,1.0321162973797455,2.4052319299541884,1445
1,0,0,0,2.4040000000000004,0,1,0,0,1,0,0,0,0,0.0516260236744669,0.0,0.0,0.0,0.0,0.0,0.0,0.1140952450435004,0.0,0.0,0.0,0.0,0.0,0.0,0.0,0.0,0.0,0.0,0.0,0.0,0,0,0,-1.0356374895067213,10.790620765443837,550
1,0,0,0,32.03,0,0,0,0,1,0,0,0,0,0.0,0.0,0.0,0.0,0.0,0.0,0.0,0.0312555212014134,0.0,0.0,0.1020870141342756,0.0,0.0,0.0,0.0,0.2417789310954063,0.5898299469964665,0.0,0.0,0.0,1,0,1,0.0704584636485615,7.622547995481602,416
1,1,1,0,23.78,0,0,0,0,0,1,0,0,0,0.0302147214705458,0.0,0.436264070581077,0.022096616655725,0.0,0.271553541596614,0.0,0.0,0.0,0.2079590518736757,0.0,0.0,0.0,0.0319119978223624,0.0,0.0,0.0,0.0,0.0,0.0,1,1,0,5.703782474656201,6.965431558706398,1474
1,0,0,0,2.1340000000000003,0,0,0,0,0,0,0,0,0,0.0,0.0,0.0,0.351264355123675,0.0,0.0,0.0,0.0,0.0,0.0,0.648735644876325,0.0,0.0,0.0,0.0,0.0,0.0,0.0,0.0,0.0,0,0,0,-1.487220279709851,2.0769384114617173,1484
1,0,0,0,10.342,0,1,0,0,1,0,0,0,0,0.0,0.0746417363704702,0.02469960743136,0.0,0.0,0.0,0.6344279117496152,0.1945839846313554,0.0,0.0,0.0378727313947521,0.0,0.0,0.0,0.0,0.0,0.0337740284224468,0.0,0.0,0.0,0,0,0,1.502075394105601,8.451342876920526,1088
1,1,0,1,5.218999999999999,0,1,0,0,0,0,0,0,0,0.3636528295051904,0.0,0.0468659791480352,0.0,0.0,0.0,0.1416280833625774,0.0,0.0,0.0,0.1840112297225397,0.0,0.0,0.199757745904887,0.0,0.0,0.0640841323567701,0.0,0.0,0.0,1,0,1,1.8240653039799704,4.46874317653724,552
1,0,0,0,226.485,0,0,0,0,0,0,0,0,0,0.0,0.0,0.0350485865724381,0.0,0.0,0.0,0.3200088339222616,0.0,0.6449425795053003,0.0,0.0,0.0,0.0,0.0,0.0,0.0,0.0,0.0,0.0,0.0,0,0,0,4.25797870297391,6.247855236015679,1363
1,1,0,1,9.276,0,1,0,0,0,0,0,0,0,0.4139416147126756,0.0,0.3962280534185435,0.0,0.1021482034628275,0.0,0.0,0.0,0.0,0.0,0.0,0.0,0.0,0.0,0.0,0.0,0.0,0.0,0.0,0.0,1,1,0,3.101757568197295,6.725151282305794,1
1,1,0,1,15.671,0,1,0,0,0,0,0,0,0,0.3401466868115011,0.0,0.0,0.0,0.0,0.0,0.0,0.0,0.0,0.0,0.0,0.0,0.0,0.0,0.0,0.0,0.0,0.0,0.0,0.0,0,0,0,3.720450792951256,4.998771867775697,1509
1,1,1,0,40.145,0,1,0,0,0,0,0,0,0,0.0391693144223525,0.9144026990730126,0.0,0.0,0.0,0.0,0.0,0.0,0.0,0.0,0.0464279865046349,0.0,0.0,0.0,0.0,0.0,0.0,0.0,0.0,0.0,1,1,0,2.4391244571328725,5.01332500690676,1522
1,1,0,1,7.581,0,1,0,0,1,0,0,0,0,0.0,0.0,0.09714697500737,0.0,0.0,0.16202954567788,0.0,0.0391693144223525,0.6329457237380852,0.0,0.0,0.0,0.0,0.0,0.0,0.0,0.0,0.0,0.0,0.0,0,0,0,1.3925249108705269,7.380172243789572,1527
1,0,0,0,50.54900000000001,0,0,0,0,0,0,0,0,0,0.0744397531666125,0.0,0.210669048392335,0.0,0.2608314387788243,0.0,0.0,0.0,0.0,0.0,0.0,0.1432770379993505,0.0,0.0,0.0,0.0,0.0,0.0,0.0459645988957453,0.0,1,1,0,3.0642783785890053,7.659415677442635,475
1,1,0,1,6.037999999999999,0,1,0,0,0,0,1,0,0,0.1163005944964579,0.0,0.108789291944039,0.0,0.0,0.3102417144281088,0.0,0.0,0.0,0.0840957364755022,0.0,0.0,0.0,0.0,0.0,0.0,0.0,0.0,0.1462746075255419,0.2093909081200386,1,1,0,2.048853459911812,8.280933498353512,491
1,1,1,0,10.552,0,0,0,0,0,0,0,0,0,0.0744397531666125,0.0,0.1990906138356608,0.0,0.0,0.6203799935043847,0.0,0.0,0.0,0.0,0.0,0.0,0.0,0.0,0.0,0.0,0.0,0.0,0.0,0.0,1,0,1,2.4014344570362147,7.865513429045873,1587
1,1,0,1,14.485,0,1,0,0,0,0,0,0,0,0.0,0.0710480884991935,0.662835336074325,0.0,0.136258319514799,0.0,0.0235104377257342,0.0,0.0,0.0,0.0661018104172818,0.0,0.0,0.0,0.0,0.0,0.0,0.0,0.0,0.0,1,1,0,2.9377323292560025,11.77169899044368,1308
1,1,1,0,18.673,0,0,0,0,0,0,0,0,0,0.0690757508833922,0.0,0.0680598498233214,0.5000828180212016,0.2923973056537102,0.0,0.0,0.0,0.0,0.0,0.0,0.0,0.0,0.0312555212014134,0.0,0.0,0.0,0.0,0.0,0.0,0,0,0,3.266827542401373,6.5571902031556055,921
1,0,0,0,1.606,0,1,0,0,0,0,0,0,0,0.3797045432211997,0.0807560024894362,0.2617707753283763,0.0,0.2177077532837629,0.0600609256772249,0.0,0.0,0.0,0.0,0.0,0.0,0.0,0.0,0.0,0.0,0.0,0.0,0.0,0.0,1,0,1,3.604247063273233,4.406828997339054,1620
1,1,1,0,7.136,0,1,0,0,0,0,0,0,0,0.049736717326745,0.0,0.0,0.0,0.0,0.8630181427965363,0.0,0.0,0.0,0.0,0.0872451398767186,0.0,0.0,0.0,0.0,0.0,0.0,0.0,0.0,0.0,0,0,0,2.2898037586293123,3.360722549096437,1645
1,0,0,0,0.133,0,0,0,0,0,1,0,0,0,0.7154942010151288,0.0,0.24106245249246,0.0,0.043443346492411,0.0,0.0,0.0,0.0,0.0,0.0,0.0,0.0,0.0,0.0,0.0,0.0,0.0,0.0,0.0,1,1,0,2.4686078768184974,3.373346453506379,1660
1,1,1,0,21.617,0,0,0,0,0,0,0,0,0,0.1800739840989399,0.4565647084805654,0.0,0.0,0.0,0.0,0.2776943462897526,0.0350485865724381,0.0,0.0506183745583038,0.0,0.0,0.0,0.0,0.0,0.0,0.0,0.0,0.0,0.0,0,0,0,3.4499557992959256,9.767369904147714,1671
1,1,0,1,8.956000000000003,0,0,0,0,0,0,0,0,0,0.3635545494699647,0.0506183745583038,0.0,0.0,0.0,0.0,0.0,0.0642667844522968,0.0,0.0,0.0350485865724381,0.0,0.0,0.0,0.0,0.0,0.0,0.0,0.0,0.0,1,1,0,2.596373483877588,9.672246051151626,1674
1,0,0,0,0.01,0,0,0,0,0,0,0,0,0,0.3635545494699647,0.0506183745583038,0.0,0.0,0.0,0.0,0.0,0.0642667844522968,0.0,0.0,0.0350485865724381,0.0,0.0,0.0,0.0,0.0,0.0,0.0,0.0,0.0,1,0,1,2.1923236987365087,3.938080539747436,1674
1,1,1,0,64.63900000000001,0,0,0,0,0,0,0,0,0,0.0,1.0,0.0,0.0,0.0,0.0,0.0,0.0,0.0,0.0,0.0,0.0,0.0,0.0,0.0,0.0,0.0,0.0,0.0,0.0,0,0,0,5.703782474656201,6.951285921800223,731
1,1,0,1,4.335,0,0,0,0,1,0,0,0,0,0.1800739840989399,0.0,0.0,0.0,0.0,0.0,0.4643606448763251,0.0330112632508833,0.0,0.0,0.1003312720848056,0.0,0.0,0.0,0.0,0.0,0.0,0.0391287544169611,0.0,0.0,0,0,0,4.709440107163888,8.680689153462229,1687
1,1,0,1,6.742999999999999,0,0,0,0,1,0,0,0,0,0.0350485865724381,0.0391287544169611,0.2417789310954063,0.0,0.0,0.0,0.0,0.1800739840989399,0.0,0.0,0.3842756183745583,0.0,0.0,0.0,0.0,0.0,0.0,0.0506183745583038,0.0,0.0,0,0,0,3.501525254791907,5.611528287213552,1720
1,1,1,0,30.117,0,0,0,0,0,0,0,0,0,0.4643606448763251,0.0,0.0312555212014134,0.215122570671378,0.0,0.0330112632508833,0.0,0.0,0.0,0.0506183745583038,0.0,0.0,0.0,0.0,0.0,0.0,0.0,0.0,0.0,0.0,1,1,0,1.6830600523047143,5.41954778647433,1720
1,0,0,0,9.979,0,1,0,0,0,0,0,0,0,0.1127190540142158,0.0,0.0,0.2992105866553112,0.0,0.0,0.0,0.0,0.0,0.0,0.171279766779128,0.0,0.0,0.0,0.0,0.0,0.3797045432211997,0.0,0.0,0.0,1,1,0,0.6124792774924905,10.886109547625056,1724
1,1,1,0,32.206,0,0,0,0,0,0,0,0,0,0.0,0.0,0.1443518109540636,0.0,0.8556481890459364,0.0,0.0,0.0,0.0,0.0,0.0,0.0,0.0,0.0,0.0,0.0,0.0,0.0,0.0,0.0,1,0,1,3.3173808955690447,8.662876178453406,1726
1,0,0,0,28.698,0,0,0,0,0,0,0,0,0,0.0,0.119694125441696,0.0,0.0330112632508833,0.0,0.0,0.219202738515901,0.0,0.0,0.0,0.3080830388692579,0.0,0.0,0.0,0.0,0.0,0.0,0.0,0.0,0.0,0,0,0,3.241928068398354,6.880324470953998,1736
1,1,0,1,11.361,0,0,0,0,1,0,0,0,0,0.0,0.1371356007067136,0.0506183745583038,0.0,0.0,0.0,0.1800739840989399,0.351264355123675,0.0,0.0,0.2809076855123675,0.0,0.0,0.0,0.0,0.0,0.0,0.0,0.0,0.0,1,1,0,2.991222118076105,11.41277558368099,1551
1,1,0,1,10.352,0,0,0,0,0,0,0,0,0,0.3244257950530035,0.0690757508833922,0.0,0.0350485865724381,0.0506183745583038,0.0,0.3530200971731449,0.0974271201413427,0.0,0.0,0.0312555212014134,0.0,0.0,0.0,0.0,0.0,0.0,0.0,0.0,0.0,1,1,0,2.6852591128013947,8.481406830119585,1410
1,1,0,1,43.302,0,0,0,0,0,0,0,0,0,0.1351761151671892,0.53368388529055,0.2905900258622662,0.0,0.0,0.0,0.0,0.0,0.0,0.0,0.0,0.0,0.0,0.0,0.0,0.0,0.0,0.0405499736799944,0.0,0.0,1,0,1,1.9055344834869,2.789691630139444,1753
1,1,0,1,6.723000000000001,0,0,0,0,0,0,0,0,0,0.1351761151671892,0.53368388529055,0.2905900258622662,0.0,0.0,0.0,0.0,0.0,0.0,0.0,0.0,0.0,0.0,0.0,0.0,0.0,0.0,0.0405499736799944,0.0,0.0,1,1,0,2.964809040900481,5.512771272011695,1753
1,0,0,0,25.129,0,0,0,0,0,1,0,0,0,0.0546205333045449,0.0,0.1627820360574328,0.3816690057216885,0.0,0.0,0.0,0.0,0.0,0.0,0.3666630681204793,0.0,0.0,0.0,0.0,0.0,0.0,0.0,0.0342653567958544,0.0,1,0,1,2.900322088749333,5.36042794261094,1753
1,1,0,1,10.236,1,0,0,0,0,0,0,0,0,1.5504597113044034e-05,0.431007126946473,0.1686590073956927,0.0001602141701681,4.134559230145076e-05,0.0002739145489971,0.0374332656299257,0.0473820487774625,0.000160214170168,0.0,0.1686279982014669,0.0,0.0,0.0,0.0,0.0860763549725827,0.0,0.0,0.0,0.0,1,1,0,3.769052922468692,6.726280163855339,1114
1,0,0,0,4.069,0,1,0,0,1,0,0,0,0,0.2309964491091349,0.0398956729409545,0.3642648398956731,0.0,0.0,0.0,0.1718254092951638,0.1109009207177199,0.0,0.0,0.0,0.0,0.0,0.0,0.0,0.0,0.0,0.0,0.0,0.0,1,0,1,2.2771647156471344,5.153892569945218,1753
1,1,1,0,19.899,0,0,0,0,0,0,0,0,0,0.0,0.175607332155477,0.0,0.5351314045936396,0.0,0.0,0.0,0.0,0.0330112632508833,0.0,0.0,0.0,0.0,0.0,0.0,0.0506183745583038,0.0,0.0,0.205631625441696,0.0,0,0,0,2.7854432476759827,11.276483062134885,4
1,1,0,1,16.67,0,1,0,0,1,0,0,0,0,0.0378727313947521,0.0,0.0,0.0,0.0,0.0,0.0,0.1945839846313554,0.0,0.0,0.0,0.0,0.3880761750211797,0.0,0.0,0.0,0.0,0.0,0.0,0.0,1,0,0,0.3555743384946992,10.660344098078667,106
1,1,1,0,66.387,0,0,0,0,0,0,0,0,0,0.0,0.949381625441696,0.0,0.0,0.0,0.0,0.0,0.0506183745583038,0.0,0.0,0.0,0.0,0.0,0.0,0.0,0.0,0.0,0.0,0.0,0.0,1,1,0,2.9399023885933206,8.315172229198541,60
1,1,1,0,19.571,0,0,0,0,1,0,0,0,0,0.0,0.1009658297667818,0.0,0.1495949007850227,0.0715846932002837,0.0323907719772045,0.0,0.0524569152953562,0.0,0.0,0.518246629894949,0.0,0.0,0.0,0.0,0.0,0.0,0.0,0.0,0.0,1,1,0,2.098263295920424,4.991282565580441,80
1,1,1,0,11.58,1,1,1,1,1,0,0,0,0,0.3799955065784788,0.1541681964392373,0.0,0.0,0.0,0.0,0.0,0.011502063138052,0.0,0.3219920104773439,0.0685575568938401,0.0,0.0,0.0,0.0,0.0,0.0,0.0,0.0,0.0,0,0,0,2.521800940970276,5.748739906456247,616
1,1,1,0,11.36,0,1,0,0,0,0,0,0,0,0.0559600913481337,0.0,0.9440399086518664,0.0,0.0,0.0,0.0,0.0,0.0,0.0,0.0,0.0,0.0,0.0,0.0,0.0,0.0,0.0,0.0,0.0,1,1,0,2.267890123197159,3.6348191772639926,151
1,1,0,1,15.170000000000002,0,1,0,0,0,0,0,0,0,0.0,0.4953061023944448,0.0600609256772249,0.0,0.0687084411543121,0.0,0.0,0.0,0.0,0.0,0.0,0.0,0.0,0.0,0.0,0.0819614137377575,0.0,0.0,0.0,0.0,1,1,0,1.4692558818342378,3.84744181671366,1527
1,1,0,1,27.467,0,1,0,0,0,0,0,0,0,0.0,0.0,0.0537364981546066,0.0,0.0856584160092099,0.0,0.0,0.0,0.0,0.0,0.0,0.0,0.0,0.0,0.0,0.1059069515457285,0.0,0.0,0.0,0.0,1,1,0,3.020961327599767,11.103990925338715,347
1,0,0,0,5.854,0,1,0,0,1,0,0,0,0,0.1229339388498706,0.3282568516660505,0.1321328615937054,0.0,0.0,0.0437239267043353,0.0,0.2761261023393357,0.0,0.0968263188467022,0.0,0.0,0.0,0.0,0.0,0.0,0.0,0.0,0.0,0.0,1,0,1,2.417519631086145,7.440717862193304,1539
1,1,1,0,17.676000000000005,0,0,0,0,0,0,0,0,0,0.4598056537102474,0.3706272084805654,0.0974271201413427,0.0,0.0,0.0,0.0,0.0,0.0,0.0,0.0330112632508833,0.0,0.0,0.0,0.0,0.0,0.0,0.0,0.0,0.0,1,1,0,3.2768805471547746,8.086445043950118,196
1,1,1,0,7.864000000000001,0,0,0,0,0,0,0,0,0,0.0,0.0,0.7881647657894052,0.0,0.0,0.0,0.0,0.0,0.0,0.0,0.0,0.0,0.0,0.0,0.0,0.0,0.0,0.2118352342105947,0.0,0.0,0,0,0,0.245296355955343,4.914212495561203,196
1,1,1,0,12.958,0,0,0,0,0,0,0,0,0,0.1894569068851508,0.3817326817445369,0.0,0.0,0.2148069602328859,0.0,0.0,0.0,0.0,0.0,0.0,0.0,0.0,0.0,0.0,0.2140034511374263,0.0,0.0,0.0,0.0,1,1,0,3.0601614137096806,6.699481867084648,196
1,1,1,0,33.645,0,0,0,0,0,0,0,0,0,0.3919182083739047,0.0429243752028561,0.3671291788380396,0.0,0.0,0.0,0.0,0.0,0.0,0.0,0.1193200259655956,0.0,0.0,0.0,0.0,0.0404292437520285,0.0,0.0,0.0,0.0,0,0,0,2.237833215764349,5.1369565896619545,196
1,0,0,0,38.48,0,1,0,0,0,0,0,0,0,0.4397654688984245,0.0,0.0,0.0,0.0,0.0,0.0,0.0,0.3626715581905728,0.1975629729110026,0.0,0.0,0.0,0.0,0.0,0.0,0.0,0.0,0.0,0.0,1,1,0,1.9470523536340905,4.100806969149756,281
1,0,0,0,23.245,1,1,0,0,0,0,0,0,0,0.5431929119324007,0.0,0.0424545715574879,0.0,0.2860556216415768,0.0,0.0,0.0,0.0,0.0,0.0,0.0,0.0,0.0,0.0,0.0,0.0,0.0,0.0,0.0,0,0,0,2.244532161545429,3.9119230004278127,289
1,1,0,1,8.582,0,1,0,0,0,0,0,0,0,0.3672837612463117,0.0,0.4060050981420229,0.0,0.0984264924894439,0.0354081023644445,0.0,0.0,0.0,0.0,0.0,0.0,0.0,0.0,0.0,0.0230922406724638,0.0,0.0,0.0,0.0,0,0,0,1.508733208312468,7.639083690313009,1436
1,1,1,0,5.184,0,0,1,0,0,0,0,0,0,0.1800739840989399,0.4336130742049469,0.0663041077738515,0.0,0.0,0.0,0.0,0.0,0.0,0.0,0.0,0.0,0.0,0.0,0.0,0.0,0.3200088339222616,0.0,0.0,0.0,0,0,0,0.134530892957606,7.342897628919543,289
1,1,1,0,16.873,1,1,0,1,0,0,0,0,0,0.415324497016423,0.0,0.0,0.0,0.0,0.0,0.0,0.0,0.0,0.0,0.1229339388498706,0.0,0.0,0.0,0.0,0.0,0.0,0.0,0.0748481808100543,0.0,0,0,0,1.7105494138025117,5.901252599205701,575
1,1,1,0,5.7040000000000015,0,0,0,0,0,0,0,0,0,0.0,0.0,0.0,0.0,0.0,0.79917992854823,0.0,0.0,0.0,0.0,0.0,0.0,0.0,0.0,0.0,0.0,0.0,0.0,0.0,0.0,0,0,0,0.3845818971917403,3.9355051295753496,1645
1,0,0,0,20.275,0,1,0,0,0,0,0,0,0,0.0,0.0,0.0702635486713911,0.0,0.0,0.0553415991597348,0.0,0.0,0.0,0.0,0.2643394381330661,0.0,0.0,0.0,0.0,0.5717364271830596,0.0,0.0,0.0,0.0,1,0,1,2.553110321049473,5.55043314033252,339
1,0,0,0,1.098,0,1,0,0,0,0,0,0,0,0.1188242820107067,0.1269923571596915,0.0402612706642873,0.0,0.0,0.0,0.0,0.0,0.0,0.1760546782936601,0.5378674118716543,0.0,0.0,0.0,0.0,0.0,0.0,0.0,0.0,0.0,0,0,0,1.1177611075068707,2.625465376095792,353
1,1,0,1,24.402,0,0,0,0,0,0,0,0,0,0.0696296746362061,0.5876446820791689,0.0,0.0,0.0,0.0,0.0,0.0,0.0,0.0,0.0950192909438891,0.0,0.0,0.0,0.0,0.2477063523407358,0.0,0.0,0.0,0.0,1,1,0,3.323524086933648,5.3287786740305405,361
1,0,0,0,34.305,0,0,0,0,1,0,0,0,0,0.0,0.5507011925795053,0.0391287544169611,0.0974271201413427,0.0,0.0,0.0,0.0312555212014134,0.0,0.0,0.0680598498233214,0.0,0.0,0.0,0.0,0.1443518109540636,0.0,0.0,0.0,0.0,1,1,0,1.954020032018693,7.203724666579324,1416
1,1,1,0,14.192,0,1,0,0,0,1,0,0,0,0.0,0.0,0.2349607091589834,0.0,0.3361697719503351,0.0,0.0,0.0,0.0,0.0,0.0,0.0,0.0,0.0,0.0,0.0,0.0,0.0,0.0,0.0,1,1,0,2.4268360553319024,4.211386582653765,402
1,1,0,1,18.979000000000006,0,1,0,0,1,0,0,0,0,0.0,0.0,0.0483098795879878,0.1067664553127213,0.0,0.0,0.0,0.1505875525895836,0.0,0.0,0.0,0.0,0.0,0.0,0.0,0.0,0.0,0.0,0.0,0.0,1,1,0,5.018305800400476,8.94316943394006,1424
1,1,1,0,14.787,0,1,0,0,0,0,0,0,0,0.0,0.1695807816336793,0.1929824561403509,0.0,0.0,0.0,0.5330256501286945,0.0,0.0,0.0,0.0,0.0,0.0,0.0,0.0,0.1044111120972752,0.0,0.0,0.0,0.0,1,0,1,4.004966751070884,4.5266679578331335,416
1,1,1,0,10.345,0,1,0,0,0,0,1,0,0,0.2119640672725498,0.0,0.1249615381728942,0.0,0.0,0.0,0.0,0.0,0.0,0.0,0.0,0.0,0.0,0.0,0.0,0.0,0.0,0.0,0.6205900231896677,0.0,1,1,0,3.6821065698265074,7.74085960025611,439
1,1,0,1,15.312,0,1,0,0,0,0,0,0,1,0.0,0.0,0.0,0.0,0.0842463216726709,0.0,0.0,0.0,0.0,0.0,0.0381199286219319,0.3257735429783507,0.0,0.0,0.0,0.0,0.1188242820107067,0.0,0.0,0.0,0,0,0,2.6374131215027696,7.8475652523891855,463
1,0,0,0,3.205,0,0,0,0,0,0,0,0,0,0.0,0.0832742928769959,0.8076461932530384,0.0,0.0514196958962341,0.0,0.0,0.0,0.0,0.0,0.0576598179737314,0.0,0.0,0.0,0.0,0.0,0.0,0.0,0.0,0.0,1,1,0,2.4522112669498584,5.11948371991722,471
1,1,1,0,1.4780000000000002,0,1,0,0,0,0,0,0,0,0.0,0.0,0.7037715736648582,0.0,0.0,0.0,0.0,0.0,0.0,0.0,0.0,0.0,0.0,0.0,0.0,0.0,0.0,0.0,0.0,0.0,1,0,1,2.9841150542138,3.500680660147105,472
1,1,0,1,19.769,0,1,0,0,0,0,0,0,0,0.0,0.0,0.7037715736648582,0.0,0.0,0.0,0.0,0.0,0.0,0.0,0.0,0.0,0.0,0.0,0.0,0.0,0.0,0.0,0.0,0.0,1,1,0,3.7628266990660193,4.627039304071619,472
1,1,0,1,48.297,0,0,0,0,0,0,0,0,0,0.0,0.0,0.0,0.0581038269421391,0.0,0.0,0.0,0.0616897630755474,0.0,0.0,0.8802064099823135,0.0,0.0,0.0,0.0,0.0,0.0,0.0,0.0,0.0,1,1,0,1.9155982061316543,4.538699132044649,575
1,1,1,0,8.644,0,1,0,0,0,0,0,0,0,0.0,0.0,0.0537364981546066,0.1409524938204719,0.0,0.0,0.0,0.2760894592489758,0.0,0.0,0.149375275115972,0.0,0.0,0.0,0.0,0.3798462736599736,0.0,0.0,0.0,0.0,0,0,0,3.2329759492469825,5.7845818190848615,590
1,0,0,0,7.2120000000000015,0,1,0,0,1,0,0,0,0,0.4167905925513447,0.0,0.0,0.0,0.0,0.0,0.0,0.1156015591732451,0.0,0.0,0.0,0.0,0.0,0.0,0.0,0.0,0.0,0.0,0.0,0.0,0,0,0,1.1838721326189332,4.117930872028243,592
0,1,1,0,8.662,0,0,0,0,0,0,0,0,0,0.0,0.4228913977213262,0.0,0.0,0.0,0.0,0.0324703249104953,0.3002999891195658,0.0,0.0,0.0282321366582558,0.0,0.0,0.0,0.0,0.2161061515903568,0.0,0.0,0.0,0.0,1,1,0,2.0421290067958564,8.734395931001696,608
0,1,1,0,60.034000000000006,0,1,0,0,0,0,0,0,0,0.3797045432211997,0.0600609256772249,0.0,0.0,0.0,0.0,0.0,0.0,0.0,0.0786727373972288,0.0819614137377575,0.0,0.0,0.0,0.0,0.0,0.0,0.0,0.0,0.0,1,1,0,3.986759351542163,6.075435682242313,609
0,0,0,0,13.765,1,1,0,0,0,0,0,0,0,0.0975143763944316,0.0,0.0,0.0,0.0,0.0,0.0355780410394997,0.0,0.0,0.0,0.2836061967759168,0.0,0.0,0.0,0.0,0.0,0.0,0.0,0.0635955126795084,0.0,1,0,1,1.7110915661606003,3.9689136056314473,616
0,1,0,1,3.458,1,1,0,0,1,0,0,0,0,0.4065014040990528,0.0600129609143335,0.0,0.0,0.1155092395608999,0.0,0.3360804362198642,0.0818959592058494,0.0,0.0,0.0,0.0,0.0,0.0,0.0,0.0,0.0,0.0,0.0,0.0,0,0,0,3.053529372280208,5.578090747581776,616
0,0,0,0,300.0,1,1,0,0,0,0,0,0,0,0.5285738270201858,0.1597099352972324,0.0267334788392245,0.0,0.0,0.0,0.2098190647156823,0.0,0.0,0.0,0.0,0.0,0.0,0.0,0.0,0.0,0.0,0.0,0.0,0.0,1,1,0,0.5538851132264377,6.144267175865406,809
0,1,1,0,6.127000000000002,0,0,0,0,0,0,0,0,0,0.0,0.0,0.1443518109540636,0.0,0.0,0.0,0.44101148409894,0.2491497349823321,0.0,0.0,0.1324757067137808,0.0,0.0,0.0330112632508833,0.0,0.0,0.0,0.0,0.0,0.0,0,0,0,1.484328101391256,3.5920656444245767,616
0,0,0,0,18.47300000000001,0,0,0,0,0,0,0,0,0,0.0350485865724381,0.0,0.0690757508833922,0.0,0.2443407685512367,0.0,0.0391287544169611,0.0,0.0,0.0,0.0,0.0,0.0,0.0,0.0,0.0,0.0,0.0506183745583038,0.0,0.0,0,0,0,1.8190503294639584,2.588590761064882,618
0,1,1,0,4.099,0,0,0,0,0,0,0,0,0,0.2691475265017667,0.0,0.4174359540636043,0.0,0.1800739840989399,0.0,0.0,0.0,0.0,0.0,0.0,0.0,0.0,0.0330112632508833,0.0,0.0,0.0,0.0,0.0,0.0,0,0,0,4.9245325950428445,7.799983619634709,618
0,0,0,0,12.416,0,0,0,0,1,0,1,0,0,0.0,0.0,0.0,0.4915021669892516,0.0,0.0,0.0,0.1812406222633741,0.0,0.0,0.1137599634093963,0.0,0.0,0.0,0.0,0.0,0.0,0.0,0.0,0.0,0,0,0,1.1131724399994394,6.117839455577511,619
0,1,1,0,8.277999999999999,0,0,0,0,0,0,0,0,0,0.0,0.3410943021201413,0.0506183745583038,0.0,0.0,0.0,0.5000828180212015,0.0,0.0690757508833922,0.0,0.0,0.0,0.0391287544169611,0.0,0.0,0.0,0.0,0.0,0.0,0.0,1,0,1,3.198958791027842,5.388619572814409,620
0,0,0,0,12.629,0,0,0,0,0,0,0,0,0,0.0330112632508833,0.7485589664310954,0.0,0.0974271201413427,0.0,0.0391287544169611,0.0,0.0,0.0506183745583038,0.0,0.0312555212014134,0.0,0.0,0.0,0.0,0.0,0.0,0.0,0.0,0.0,1,1,0,2.247072383063787,5.205121450112917,634
0,0,0,0,1.867,0,0,0,0,0,0,0,0,0,0.0,0.0,0.5000828180212016,0.0,0.0,0.0,0.0,0.0,0.0,0.0,0.0312555212014134,0.0,0.0,0.0,0.0,0.0,0.0,0.0,0.0,0.0,1,1,0,3.681174849728384,4.800054170688509,635
0,1,1,0,5.7040000000000015,0,0,0,0,0,0,0,0,0,0.2306923586572438,0.0,0.2386428886925794,0.0,0.3200088339222615,0.0,0.0,0.0,0.0,0.0,0.0,0.0,0.0,0.0,0.0,0.1443518109540635,0.0,0.0,0.0312555212014134,0.0,1,1,0,2.4839895627255166,5.693432430595018,642
0,0,0,0,25.017000000000003,1,1,1,0,1,0,0,0,0,0.1144458789535162,0.7426043605349788,0.0,0.0,0.0,0.0,0.0,0.0396092173728363,0.0,0.0334166093794537,0.0,0.0,0.0,0.0,0.0,0.0699239337592148,0.0,0.0,0.0,0.0,1,0,1,2.9714908091809566,3.056451008588697,713
0,0,0,0,4.165,1,1,1,0,1,0,0,0,0,0.0546971016740844,0.3809526650518453,0.0,0.0,0.0,0.0,0.02469960743136,0.1559833904089157,0.0,0.0,0.0378727313947521,0.0,0.0,0.0,0.0,0.3457945040390422,0.0,0.0,0.0,0.0,1,1,0,2.3374694948475474,13.00883853750027,1444
0,1,1,0,7.928000000000001,1,1,1,0,1,0,0,0,0,0.3730010165373268,0.1883941189596608,0.0,0.0,0.0,0.0,0.4129434954007884,0.0256613691022239,0.0,0.0,0.0,0.0,0.0,0.0,0.0,0.0,0.0,0.0,0.0,0.0,1,1,0,0.0168571170664228,7.010951554360584,1183
0,0,0,0,14.059,1,1,1,0,1,0,0,0,0,0.3309774717296609,0.1081092973115676,0.0,0.0,0.0,0.0,0.4592170106041273,0.0688113257359088,0.0,0.0,0.0328848946187354,0.0,0.0,0.0,0.0,0.0,0.0,0.0,0.0,0.0,1,1,0,3.19134017467368,12.389491412668647,1429
0,1,1,0,8.217,0,1,0,0,0,0,0,0,0,0.0,0.0,0.1156015591732451,0.0271217530872284,0.0370860493301451,0.0,0.0,0.0,0.0,0.0,0.0391693144223525,0.0,0.0,0.568154869140817,0.171279766779128,0.0,0.0,0.0,0.0,0.0,1,1,0,1.498059324450711,6.238361733725972,652
0,1,1,0,2.162,1,1,1,1,0,0,0,0,0,0.1486404766170937,0.0849142178820999,0.0,0.0,0.0,0.0,0.0,0.0,0.0,0.5620408528937468,0.0988062175237413,0.0,0.0,0.0,0.0,0.0,0.0,0.0,0.0700535298333632,0.0,1,1,0,2.849781218069687,6.071744149796602,1187
0,1,1,0,13.588,0,0,0,0,0,0,0,0,0,0.0,0.0,0.0,0.0,0.0,0.0,0.0,0.0,0.0,0.0,0.0,0.0,0.0,0.0,0.0,0.0,0.0,0.0,0.0,0.0,0,0,0,0.4369637751675354,4.1123809247082,685
0,1,1,0,1.541,0,0,0,0,0,0,0,0,0,0.3200088339222616,0.0,0.119694125441696,0.0,0.4218529151943463,0.0,0.0,0.0,0.0312555212014134,0.0,0.0,0.0,0.0,0.0,0.0,0.0,0.0,0.0,0.0,0.0,1,1,0,1.8553600506376493,3.905944569107676,697
0,0,0,0,2.3640000000000003,1,1,0,0,1,0,0,0,0,0.0182085981116055,0.0384560961177287,0.0674573567624583,0.4773405541691323,0.0,0.0,0.1134966168411845,0.0804690112943476,0.0,0.0,0.1681610023411973,0.0,0.0,0.0,0.0,0.0364107643623453,0.0,0.0,0.0,0.0,0,0,0,1.89115221310609,9.240062170641826,809
0,1,1,0,12.632,0,0,0,0,0,0,0,0,0,0.178326661187031,0.0,0.0,0.0,0.0,0.0,0.0,0.0,0.0,0.0,0.054212913411901,0.0,0.0,0.0,0.0,0.0,0.0,0.0,0.0,0.0,1,1,0,4.363073146756794,12.10188711153318,719
0,1,1,0,6.825,0,0,0,0,0,0,0,0,0,0.178326661187031,0.0,0.0,0.0,0.0,0.0,0.0,0.0,0.0,0.0,0.054212913411901,0.0,0.0,0.0,0.0,0.0,0.0,0.0,0.0,0.0,1,1,0,2.536233276953341,2.913111244865654,719
0,0,0,0,1.334,1,1,0,0,1,0,0,0,0,0.6099771586412048,0.0470571830761466,0.0,0.0,0.0,0.0,0.1427252928209077,0.1171682027037794,0.0,0.0,0.0830721627579612,0.0,0.0,0.0,0.0,0.0,0.0,0.0,0.0,0.0,1,1,0,2.5316311899608697,8.378534160610453,728
0,0,0,0,3.0540000000000003,1,1,1,0,1,0,0,0,0,0.3439353931621001,0.0,0.0,0.0,0.023661739995199,0.0,0.4910439742578558,0.1008538801824354,0.0,0.0,0.0,0.0,0.0,0.0,0.0,0.0,0.0,0.0405050124024095,0.0,0.0,0,0,0,-0.3495574761698683,6.215865307803188,728
0,1,1,0,4.089,1,1,0,0,0,0,0,0,0,0.430655897644894,0.076117965247675,0.0,0.0,0.0,0.0,0.0,0.0,0.0,0.4582700406308276,0.0,0.0,0.0,0.0,0.0,0.0,0.0,0.0,0.0349560964766033,0.0,1,0,1,3.2940204024179964,5.217242876770366,751
0,1,1,0,45.14700000000001,0,1,0,0,1,0,1,0,0,0.0,0.0,0.037100243126987,0.4309659622218066,0.3556842622031044,0.0,0.0,0.1031302599588554,0.0,0.0,0.0,0.0,0.0,0.0,0.0,0.0,0.0731192724892462,0.0,0.0,0.0,0,0,0,3.680519607769456,7.870732630793736,798
0,1,1,0,3.989,0,0,0,0,0,0,0,0,0,0.0,0.1443518109540636,0.0,0.0,0.0,0.1324757067137808,0.0,0.0,0.0,0.0,0.6395428445229683,0.0,0.0,0.0,0.0,0.0506183745583038,0.0,0.0330112632508833,0.0,0.0,1,1,0,2.3623622970299065,3.874175748651696,798
0,0,0,0,12.626,0,1,0,0,0,0,0,0,0,0.0422816709821375,0.0,0.0,0.0,0.0546971016740844,0.0,0.3427696970420131,0.0,0.0,0.1559833904089157,0.0,0.0,0.0,0.0,0.0,0.0,0.0,0.4042681398928491,0.0,0.0,0,0,0,0.4453266415332951,9.489362126899698,824
0,0,0,0,10.961,1,0,1,1,1,0,0,0,0,0.1780110141415465,0.0346470617130318,0.0,0.0,0.0,0.0,0.4685922311550658,0.2224387208750183,0.0,0.0,0.0963109721153374,0.0,0.0,0.0,0.0,0.0,0.0,0.0,0.0,0.0,1,1,0,2.0550207671381537,8.412146404318237,833
0,1,0,1,300.0,0,1,0,0,0,0,0,0,0,0.0,0.0,0.0378727313947521,0.0,0.0,0.0,0.0,0.0,0.962127268605248,0.0,0.0,0.0,0.0,0.0,0.0,0.0,0.0,0.0,0.0,0.0,1,1,0,2.66854678132451,7.070789525681193,857
0,0,0,0,5.593,1,1,1,1,1,0,0,0,0,0.2159026107653782,0.0721493566062529,0.0,0.03934743262341,0.0,0.0,0.4288485855255002,0.0568269159249249,0.0,0.0,0.0775481615550541,0.0,0.0,0.0,0.0,0.1093769369994793,0.0,0.0,0.0,0.0,1,1,0,3.50537720057182,4.55621100753655,1136
0,1,1,0,13.113,1,0,1,0,1,0,0,0,0,0.1578056860915079,0.842194313908492,0.0,0.0,0.0,0.0,0.0,0.0,0.0,0.0,0.0,0.0,0.0,0.0,0.0,0.0,0.0,0.0,0.0,0.0,1,1,0,3.100362522632074,6.225706285088225,871
0,0,0,0,18.718,1,1,1,1,1,0,0,0,0,0.3374871711467173,0.1303131081437278,0.0,0.0,0.0,0.0,0.1466274837501191,0.0701647140637881,0.0,0.0,0.281875844741432,0.0,0.0,0.0,0.0,0.0335316781542154,0.0,0.0,0.0,0.0,0,0,0,2.806627764463204,3.4755315187148588,876
0,1,1,0,10.603000000000002,1,1,1,0,1,0,0,0,0,0.3439353931621001,0.2226889795731742,0.0,0.0,0.0,0.0,0.2459506418389857,0.03417235348582,0.0,0.0,0.1532526319399197,0.0,0.0,0.0,0.0,0.0,0.0,0.0,0.0,0.0,1,1,0,1.3069805544001651,6.325759414981388,1665
0,0,0,0,26.661,1,1,0,0,1,0,0,0,0,0.3543346032232043,0.0373783349329627,0.0,0.0,0.0,0.0,0.4191343158787264,0.1539471592347686,0.0,0.0,0.0352055867303377,0.0,0.0,0.0,0.0,0.0,0.0,0.0,0.0,0.0,0,0,0,1.7910925802403517,8.524089159478548,1685
0,1,1,0,5.9860000000000015,1,0,0,0,0,1,0,0,0,0.0848572480151426,0.0,0.4762342920237659,0.0,0.0,0.0,0.0,0.0,0.0984646932015353,0.0,0.1374677953625322,0.0,0.1585624901414375,0.0,0.0,0.0110363320889635,0.0,0.0,0.0,0.0,1,1,0,1.871032650122563,9.62986807007043,903
0,1,1,0,5.527,1,1,0,0,1,0,0,0,0,0.1269923571596915,0.1401164943941281,0.0477222989124945,0.0,0.0,0.0,0.1760546782936601,0.1188242820107067,0.0,0.0,0.390289889229319,0.0,0.0,0.0,0.0,0.0,0.0,0.0,0.0,0.0,0,0,0,2.6354078211100984,7.528484443223637,903
0,1,1,0,13.088,0,1,0,0,0,0,0,0,0,0.0546971016740844,0.0,0.0760556994045843,0.0,0.0,0.0,0.0,0.0,0.0,0.0,0.0,0.0,0.0,0.0,0.0,0.0,0.0,0.0,0.0,0.8692471989213312,1,1,0,2.6269847483809894,4.384810256800466,903
0,1,1,0,4.798,0,0,0,0,0,0,0,0,0,0.0,0.0,0.5000828180212016,0.0,0.2875055212014133,0.1443518109540636,0.0,0.0,0.0,0.0,0.0330112632508833,0.0,0.0,0.0,0.0,0.0,0.0,0.0,0.0,0.0,0,0,0,1.0057657383017578,3.6712499638441103,908
0,1,1,0,6.546,0,0,0,0,0,0,0,0,0,0.0,0.0,0.1443518109540636,0.5351314045936396,0.0,0.0,0.0,0.0,0.0,0.0,0.1977583922261484,0.0506183745583038,0.0,0.0,0.0,0.0,0.0,0.0,0.0,0.0,1,0,1,0.8779656175524871,4.619043504920598,921
0,0,0,0,2.565,1,1,0,0,1,0,0,0,0,0.3730010165373268,0.2708824039868097,0.0,0.0,0.0,0.0,0.2021607616591873,0.114608385193266,0.0,0.0,0.0,0.0,0.0,0.0,0.0,0.0,0.0,0.03934743262341,0.0,0.0,1,1,0,2.89591193827178,4.871779274582372,935
0,1,1,0,23.477,0,0,0,0,0,0,0,0,0,0.0,0.7484595848056538,0.0,0.0,0.0,0.0,0.0741773409893992,0.0,0.0,0.0,0.0,0.0,0.0,0.0,0.0,0.0,0.0,0.1443518109540636,0.0,0.0,1,1,0,2.7451532890537123,11.61232710876339,938
0,1,0,1,7.944000000000001,0,0,0,0,0,0,0,0,0,0.0,0.0,0.0,0.8695616166077738,0.0,0.0,0.0,0.0,0.0974271201413427,0.0,0.0,0.0,0.0,0.0330112632508833,0.0,0.0,0.0,0.0,0.0,0.0,1,1,0,2.755315393569324,5.380924475639496,958
0,0,0,0,3.1780000000000004,1,1,0,0,0,0,0,0,0,0.1735444698860273,0.0,0.0855952044045382,0.0,0.1134966168411845,0.0,0.6273637088682499,0.0,0.0,0.0,0.0,0.0,0.0,0.0,0.0,0.0,0.0,0.0,0.0,0.0,0,0,0,2.532664535309368,7.118442369721815,959
0,0,0,0,1.6880000000000002,0,0,0,0,1,0,0,0,0,0.0,0.0,0.0575430334524195,0.0,0.1000893147125689,0.0,0.0,0.1432770379993505,0.0,0.0,0.0459645988957453,0.0,0.0,0.0,0.2648181227671323,0.0,0.2122848327379019,0.0,0.0,0.0,1,0,1,2.57907981980525,5.36882708703765,976
0,0,0,0,1.306,1,1,0,0,1,0,0,0,0,0.576772504415052,0.0,0.0349560964766033,0.0,0.0,0.0,0.0,0.1089622466748175,0.0,0.1210156471910389,0.0,0.0,0.0,0.0,0.0,0.082175539994813,0.0,0.0,0.0,0.0,0,0,0,2.077439539009163,9.015126019121215,985
0,0,0,0,8.311,0,1,0,0,0,0,0,0,0,0.0,0.1498725630477553,0.1461332945805759,0.0,0.0,0.0,0.3787392684671794,0.0,0.1822963244500089,0.0,0.0396116526560543,0.0,0.0334186639241638,0.0,0.0,0.0699282328742621,0.0,0.0,0.0,0.0,0,0,0,2.4995489265248705,3.392055723744872,1010
0,1,1,0,7.53,0,1,0,0,0,0,0,0,0,0.1654754495725375,0.0,0.0415866880670836,0.0600609256772249,0.0,0.0271217530872284,0.0,0.0,0.0391693144223525,0.0,0.0,0.0,0.0,0.0,0.0,0.0,0.0,0.0,0.0,0.0,1,0,1,2.477378383367209,4.360534831523121,1016
0,1,1,0,8.131,1,0,0,1,1,0,0,0,0,0.3304738761952911,0.153649613212214,0.0,0.0,0.0,0.0,0.0680126772890606,0.0959277198819251,0.0,0.0,0.351936113421509,0.0,0.0,0.0,0.0,0.0,0.0,0.0,0.0,0.0,1,1,0,2.990468443878892,10.82145969005522,1026
0,0,0,0,7.9780000000000015,1,1,0,0,0,0,0,0,0,0.4781964358489867,0.0,0.0,0.0,0.0,0.0349560964766033,0.0,0.0,0.0,0.1527237474219802,0.0,0.0,0.0,0.0,0.0,0.0,0.0,0.2013942919244687,0.0,0.0,0,0,0,2.1319153889405387,11.32512542063095,1038
0,1,1,0,7.2360000000000015,0,1,0,0,0,0,0,0,0,0.0,0.0415866880670836,0.0370860493301451,0.7266467948507979,0.0,0.0,0.0,0.0,0.0,0.0,0.0,0.0271217530872284,0.0391693144223525,0.0,0.0,0.1283894002423924,0.0,0.0,0.0,0.0,0,0,0,1.9576975467714848,8.309585826126003,1047
0,1,1,0,23.296000000000006,1,1,0,0,1,0,0,0,0,0.1851736197851612,0.3811232484727364,0.0,0.0710319533077464,0.0,0.1662730225058479,0.0360411509549655,0.1603570049735425,0.0,0.0,0.0,0.0,0.0,0.0,0.0,0.0,0.0,0.0,0.0,0.0,0,0,0,1.8388020755613663,7.70481778141025,1050
0,1,1,0,2.229,0,0,0,0,0,0,0,0,0,0.0,0.0,0.0744397531666125,0.0,0.0,0.661732705423839,0.0,0.0,0.0,0.0,0.0515427086716465,0.0,0.0,0.0,0.0,0.0,0.0,0.0,0.0,0.0,0,0,0,1.39475843953202,4.340735780256001,1088
0,0,0,0,73.87400000000002,0,1,1,0,1,0,0,0,0,0.0,0.0,0.0,0.0,0.1225217502325495,0.0,0.1977036861400404,0.2384317945537782,0.0,0.0,0.0,0.0,0.0,0.0,0.3897167453991646,0.0516260236744669,0.0,0.0,0.0,0.0,0,0,0,2.408835212836705,9.197956811218704,1088
0,1,0,1,7.388999999999999,0,0,0,0,0,0,0,0,0,0.0,0.0,0.0,0.0974271201413427,0.0,0.0,0.644434628975265,0.2581382508833921,0.0,0.0,0.0,0.0,0.0,0.0,0.0,0.0,0.0,0.0,0.0,0.0,0,0,0,2.062168213009379,6.512902163968512,1088
0,0,0,0,52.99,0,0,0,0,0,0,0,0,0,0.3044449165056191,0.0108752532291574,0.0923127140466405,0.0,0.3651214722782078,0.0,0.0475008678441714,0.0,0.0,0.0,0.0,0.0,0.0,0.0,0.0,0.0002642391208608,0.0,0.0,0.0,0.0,0,0,0,3.731843153546052,11.405683881212616,1096
0,1,1,0,26.943,0,0,0,0,0,0,0,0,0,0.0,0.0,0.0,0.0,0.1365558745583038,0.0,0.5643496024734984,0.0,0.0,0.0,0.0,0.0,0.0,0.0,0.0690757508833922,0.0,0.0,0.0856669611307419,0.0,0.0,0,0,0,1.385043579218238,3.913981087134308,1101
0,0,0,0,29.454,1,0,0,0,0,0,0,0,0,0.0,0.0974271201413427,0.4220958480565371,0.1443518109540635,0.0391287544169611,0.0,0.0,0.0,0.0,0.0856669611307419,0.0,0.0,0.0,0.0,0.0,0.0,0.0,0.0,0.0,0.0,1,1,0,0.2963940130538024,7.692023422271418,1103
0,0,0,0,7.439,0,0,0,0,0,0,0,0,0,0.0506183745583038,0.0642667844522968,0.0,0.0,0.0,0.171604461130742,0.0,0.0,0.0,0.2134275618374558,0.0,0.0,0.0,0.0,0.0,0.0,0.0,0.0,0.0,0.0,1,1,0,2.4746879495936684,3.630269988006673,1122
0,1,1,0,62.035,1,0,0,0,0,0,0,0,0,0.0963109721153374,0.1426980826224354,0.0,0.4172602186454462,0.0,0.0,0.1233660264492218,0.0,0.0,0.0,0.0,0.0,0.0,0.0,0.0,0.0,0.0,0.2089084647334611,0.0,0.0,1,1,0,3.151923726728901,6.105875236123507,1131
0,1,1,0,9.033,0,0,0,0,0,0,0,0,0,0.6251633542466192,0.0,0.0739809947312711,0.0,0.0419073862729213,0.0,0.0,0.0,0.0,0.0,0.0,0.0,0.0,0.0,0.0,0.0,0.0,0.1546025982934285,0.0,0.0,0,0,0,1.2950011026734998,6.821650400089838,1144
0,0,0,0,26.027,0,0,0,0,0,1,0,0,0,0.4712024817287975,0.0110363320889635,0.0,0.0927809033072191,0.3265155896734845,0.0,0.0,0.0,0.0,0.0,0.0,0.0,0.0,0.0,0.0,0.029764971870235,0.0,0.0686997213313002,0.0,0.0,1,1,0,2.2054131812417723,3.765632140212328,1158
0,0,0,0,7.6400000000000015,1,1,0,0,1,0,0,0,0,0.6992847770717024,0.143005994494327,0.0,0.0,0.0,0.0408294527772774,0.0,0.0804690112943476,0.0,0.0,0.0,0.0,0.0,0.0,0.0,0.0,0.0,0.0364107643623453,0.0,0.0,1,1,0,3.2289449605449843,8.835394672540598,1160
0,0,0,0,8.222999999999999,0,1,0,0,0,0,0,0,0,0.3612940962678601,0.0,0.0339538423097017,0.0,0.2486825068714081,0.0,0.0998057833405264,0.0,0.0,0.0,0.0,0.0,0.0,0.0,0.0,0.0,0.0,0.0,0.0,0.0,1,1,0,3.7731516663481126,4.758997956542904,1172
0,0,0,0,22.881,1,1,0,0,1,0,0,0,0,0.0,0.0624837908932606,0.0,0.0,0.0,0.0,0.0,0.1089622466748175,0.0,0.0,0.0,0.0,0.0,0.0,0.0,0.0,0.0,0.0,0.0,0.0,1,0,1,2.791717102674781,12.009822283759831,1178
0,0,0,0,4.856,0,0,0,0,0,1,0,0,0,0.1000752565929577,0.0,0.5531679823227068,0.0,0.0489327974636926,0.0,0.0,0.0,0.0,0.233727763277985,0.0302147214705458,0.0,0.0338814788721117,0.0,0.0,0.0,0.0,0.0,0.0,0.0,1,1,0,0.8973117652763524,5.285844907802561,1183
0,1,1,0,11.343,0,0,0,0,0,1,0,0,0,0.1000752565929577,0.0,0.5531679823227068,0.0,0.0489327974636926,0.0,0.0,0.0,0.0,0.233727763277985,0.0302147214705458,0.0,0.0338814788721117,0.0,0.0,0.0,0.0,0.0,0.0,0.0,0,0,0,1.580215053757197,2.2211580942983167,1183
0,1,1,0,22.029,0,0,0,0,0,0,0,0,0,0.0578530612244897,0.0518204081632652,0.150938775510204,0.0,0.0,0.0,0.0,0.0,0.0,0.0,0.739387755102041,0.0,0.0,0.0,0.0,0.0,0.0,0.0,0.0,0.0,0,0,0,3.4143439193320426,3.815754366448538,1187
0,0,0,0,0.4300000000000001,1,1,0,0,1,0,0,0,0,0.4167459929506804,0.0,0.0,0.0,0.0,0.4402480125549925,0.0,0.0589673004193573,0.0,0.0,0.0,0.0,0.0,0.0,0.0,0.0,0.0,0.0384560961177287,0.0,0.0,0,0,0,1.0868770324496888,8.054617903598958,1201
0,0,0,0,12.041,0,0,0,0,1,0,0,0,0,0.0006408599927642,0.3005685048322913,0.089327613830172,0.0001602149981911,0.0,0.1599669233552121,0.0,2.0672902992402736e-05,0.0,0.201483280789705,0.1120419659930746,0.0,0.0,0.0,0.0,3.617758023670478e-05,0.0,0.0147862938653159,0.0,0.0,0,0,0,2.3705240760022384,9.956577838866089,1205
0,0,0,0,4.8740000000000006,0,1,0,0,0,0,0,0,0,0.0,0.1522224769890921,0.0600609256772249,0.0,0.0,0.1975629729110026,0.0,0.0,0.0,0.3797045432211997,0.171279766779128,0.0,0.0,0.0,0.0,0.0,0.0,0.0,0.0391693144223525,0.0,1,1,0,4.027474436116128,5.290088602947205,1218
0,1,1,0,19.021,0,0,0,0,0,0,0,0,0,0.0,0.1578069787985864,0.0,0.0,0.0,0.0,0.0974271201413427,0.0,0.0,0.0,0.5691585689045937,0.0,0.0,0.0,0.0,0.175607332155477,0.0,0.0,0.0,0.0,0,0,0,5.170017977377879,8.414266378566502,1220
0,0,0,0,6.4430000000000005,0,0,0,0,0,1,0,0,0,0.0,0.0,0.0148851148851148,0.0,0.0,0.1225458751774541,0.0,0.0,0.0,0.0,0.3089542036910459,0.0,0.0,0.0,0.0,0.0,0.0,0.0,0.0,0.0,1,0,1,2.3017847728232765,5.366802775964556,1220
0,0,0,0,160.613,1,1,0,0,1,0,0,0,0,0.2868813259523732,0.1016476137443085,0.0,0.0,0.0,0.0,0.4167905925513447,0.0819614137377575,0.0,0.0,0.0662910675095809,0.0,0.0,0.0,0.0,0.0,0.0,0.0464279865046349,0.0,0.0,1,1,0,3.039174831396828,9.080160499585174,1270
0,0,0,0,19.03700000000001,1,1,0,0,1,0,0,0,0,0.4998109826104002,0.0,0.0,0.0,0.0,0.0641819047352356,0.0,0.1235333650695864,0.0,0.2248886897594578,0.0,0.0,0.0,0.0,0.0,0.0,0.0,0.0,0.0,0.0,0,0,0,1.2775949441965495,2.7767674790611983,1275
0,1,1,0,2.3400000000000003,1,1,1,0,1,0,0,0,0,0.3543346032232043,0.287756652201306,0.0,0.0,0.0373783349329627,0.0,0.1891527459651064,0.1070004887211404,0.0,0.0,0.0,0.0,0.0,0.0,0.0,0.0,0.0,0.0,0.0,0.0,1,1,0,2.813610696762703,6.966965253598069,1281
0,1,1,0,55.12600000000001,1,1,0,0,1,0,0,0,0,0.4301357362837915,0.0358731607163225,0.0,0.0,0.03788829322079,0.4168219205860359,0.0,0.0792808891930598,0.0,0.0,0.0,0.0,0.0,0.0,0.0,0.0,0.0,0.0,0.0,0.0,0,0,0,2.363680192353857,3.285075465582404,1319
0,0,0,0,4.754,0,0,0,0,0,0,0,0,0,0.0,0.0,0.3550574204946996,0.0,0.0,0.0,0.0,0.0,0.0,0.0,0.4939929328621907,0.0,0.0,0.0,0.0,0.0,0.0,0.0312555212014134,0.0,0.0,0,0,0,0.847154993039293,6.825035407568246,1292
0,0,0,0,2.688,1,1,1,1,1,0,0,0,0,0.0120996790883489,0.2448970681336913,0.0,0.0,0.0,0.0,0.0,0.0114556727137772,0.0,0.7089527801427732,0.0225947999214093,0.0,0.0,0.0,0.0,0.0,0.0,0.0,0.0,0.0,0,0,0,0.5253200699164432,11.502266691530862,1298
0,0,0,0,4.803,0,0,0,0,0,0,0,0,0,0.0,0.0350485865724381,0.1995141342756183,0.5000828180212015,0.0,0.0897471289752649,0.0,0.0,0.0,0.1443518109540635,0.0,0.0,0.0,0.0,0.0,0.0,0.0,0.0,0.0,0.0,0,0,0,-0.7277386253295643,4.259124267572547,1328
0,0,0,0,11.161,0,0,1,0,0,0,0,0,0,0.0,0.6799911660777385,0.0,0.0,0.0,0.0,0.0,0.0,0.0,0.0,0.0,0.0,0.0,0.0,0.0,0.0,0.0,0.0,0.0,0.0,0,0,0,5.703782474656201,8.180439075070668,1335
0,0,0,0,42.242,0,1,0,0,1,0,0,0,0,0.0600609256772249,0.0,0.0,0.0,0.0,0.0,0.1156015591732451,0.0819614137377575,0.0,0.0,0.3797045432211997,0.0,0.0,0.0,0.171279766779128,0.0,0.0662910675095809,0.0415866880670836,0.0,0.0,1,1,0,2.65020920141236,11.396056828623342,1349
0,0,0,0,12.167000000000002,0,1,0,0,0,0,0,0,0,0.0360493378461258,0.0710480884991936,0.0,0.0,0.0,0.1237194193944074,0.0,0.0,0.0,0.0,0.0,0.0,0.0,0.0,0.0,0.0,0.0,0.5839674715489631,0.0,0.0,1,0,1,2.6706252080114745,10.202708273005204,1375
0,1,1,0,6.224,0,0,0,0,0,0,0,0,0,0.2747901943462897,0.0,0.0,0.0,0.0,0.0312555212014134,0.0,0.0,0.0,0.6197769434628977,0.0,0.0,0.0,0.0,0.0,0.0391287544169611,0.0,0.0,0.0,0.0,1,0,1,2.531472118935321,4.267793540512457,1376
0,1,1,0,3.4370000000000003,0,0,1,0,0,0,0,0,0,0.0,0.648735644876325,0.0312555212014134,0.0,0.0,0.0,0.0,0.0,0.0,0.0,0.0,0.0,0.0,0.0,0.0,0.0,0.0,0.0,0.0,0.0,1,1,0,0.9423482661934448,6.665614925607364,1484
0,1,1,0,1.727,1,1,0,0,0,0,0,0,0,0.0153899679806034,0.0385265641393631,0.1773026512495176,0.0,0.0,0.3150839082146877,0.0,0.0,0.0,0.0,0.0,0.0,0.0,0.0,0.0,0.0,0.0,0.2770574772629668,0.0,0.0,0,0,0,3.5314943826100134,6.3630729301219455,1399
0,0,0,0,1.59,0,0,0,0,0,0,0,0,0,0.0,0.0,0.0,0.0,0.0,0.0,0.0,0.0,0.0,0.0,0.0,0.0,0.0,0.0,0.0,0.0,1.0,0.0,0.0,0.0,1,1,0,0.8100409320314448,3.2089062938307102,1399
0,1,1,0,1.3210000000000002,0,1,0,0,1,0,0,0,0,0.0,0.0,0.078628664802187,0.0,0.1753134525343304,0.1109009207177199,0.0,0.0260189171354051,0.0,0.0,0.0,0.0,0.0,0.0,0.0,0.0,0.0,0.0,0.0,0.0,1,1,0,1.4722426732562557,3.6337366546167273,1399
0,0,0,0,18.508000000000006,1,1,0,0,0,0,0,0,0,0.3909992539041396,0.0,0.2870861097532738,0.0266279039851809,0.0,0.0408294527772774,0.0,0.0,0.0,0.0,0.1134966168411845,0.0455825979572409,0.0,0.0,0.0,0.0,0.0,0.0,0.0,0.0,0,0,0,2.6613079385500784,7.127570898870329,1399
0,1,1,0,20.833,1,1,0,1,1,0,0,0,0,0.3655392201076337,0.0,0.0,0.0,0.0,0.0,0.0551276269504825,0.1878356032590721,0.0,0.0,0.1572111481915757,0.0,0.0,0.0381708307026246,0.0,0.0,0.0,0.0,0.0,0.0,0,0,0,0.1578580846155803,3.54064043261714,1409
0,1,1,0,9.402,1,0,0,1,1,0,0,0,0,0.3395638629283489,0.0,0.0,0.0,0.0,0.0,0.1516020150279017,0.1045394666169128,0.0,0.0,0.1478195973336499,0.0,0.0,0.072075128200779,0.0,0.0,0.0,0.0,0.0,0.0,0,0,0,0.4081282255276481,6.422194461795887,1409
0,1,1,0,10.338,1,1,0,0,1,0,0,0,0,0.1119774707383612,0.0,0.035078764410807,0.0242893602041713,0.0,0.0,0.0,0.1913520490480801,0.0,0.0,0.0332130599313561,0.0,0.0,0.0,0.0,0.0,0.1533925899850391,0.0,0.0,0.0,0,0,0,2.2974720436072227,6.809501671541757,1416
0,0,0,0,61.291,0,0,0,0,0,0,0,0,0,0.0330112632508833,0.0,0.0391287544169611,0.0,0.1443518109540636,0.0,0.0,0.0,0.0,0.0,0.2775011042402828,0.436931316254417,0.0,0.0,0.0,0.0,0.0690757508833922,0.0,0.0,0.0,0,0,0,3.824829793725769,5.539905761041529,1418
0,1,1,0,3.5370000000000004,0,0,0,0,0,0,0,0,0,0.0,0.0,0.0,0.0,0.8979129858657244,0.0690757508833922,0.0,0.0,0.0,0.0,0.0,0.0,0.0,0.0,0.0,0.0,0.0330112632508833,0.0,0.0,0.0,1,1,0,2.558853894740083,6.460963361456115,1426
0,0,0,0,17.735,0,1,0,0,0,0,0,0,0,0.0,0.3253018134060717,0.0,0.0,0.0653297637689212,0.609368422825007,0.0,0.0,0.0,0.0,0.0,0.0,0.0,0.0,0.0,0.0,0.0,0.0,0.0,0.0,1,1,0,2.213972434637442,2.7985610035097004,1426
0,1,1,0,21.535,1,1,0,0,0,0,0,0,0,0.3909992539041396,0.0,0.0,0.0,0.0,0.0,0.0,0.5823728421106795,0.0,0.0,0.0,0.0,0.0,0.0,0.0,0.0,0.0,0.0,0.0,0.0,0,0,0,3.1681297491502525,6.474142207930463,1428
0,1,1,0,9.8,0,0,0,0,0,1,0,0,0,0.0,0.0,0.0,0.0,0.0718341789916872,0.5847511605311454,0.0,0.0,0.0,0.0,0.0,0.0,0.0,0.0,0.0,0.0,0.0,0.0,0.0,0.0,0,0,0,2.7917784166329227,10.767216227589232,1436
0,0,0,0,2.817,0,0,0,0,0,0,0,0,0,0.0,0.0,0.5779041519434628,0.0,0.0,0.3200088339222616,0.0,0.0,0.0,0.0,0.0,0.0,0.0,0.0,0.0,0.0,0.0,0.0,0.0,0.0,0,0,0,2.402520921606645,5.005636152517936,1445
0,0,0,0,1.006,1,1,0,0,0,0,0,0,0,0.559160256245337,0.0,0.0,0.0,0.0,0.1134966168411845,0.0,0.0,0.0,0.0,0.0,0.0,0.0266279039851809,0.0,0.0,0.0,0.0,0.0,0.0,0.0,0,0,0,1.3423424735907077,4.537394430657536,1453
0,0,0,0,10.785,0,0,0,0,1,0,0,0,0,0.0,0.0,0.0,0.0,0.0,0.0,0.0,0.1365558745583038,0.0,0.0,0.2484761484098939,0.0,0.0,0.0,0.0,0.5000828180212016,0.1148851590106006,0.0,0.0,0.0,0,0,0,1.802204727089594,7.105780387052971,1453
0,1,1,0,9.698,0,0,0,0,0,1,0,0,0,0.0,0.0,0.8142699405857302,0.1857300594142698,0.0,0.0,0.0,0.0,0.0,0.0,0.0,0.0,0.0,0.0,0.0,0.0,0.0,0.0,0.0,0.0,1,1,0,1.4944758939644187,8.924997561316824,1474
0,0,0,0,0.226,1,1,0,0,0,0,0,0,0,0.0867215054966407,0.0,0.4952276086226896,0.4180508858806696,0.0,0.0,0.0,0.0,0.0,0.0,0.0,0.0,0.0,0.0,0.0,0.0,0.0,0.0,0.0,0.0,0,0,0,1.3426036724951576,8.932771257417103,1484
0,0,0,0,9.689,1,1,1,0,1,0,0,0,0,0.1118208433139424,0.0,0.0,0.0,0.0,0.0,0.8088982674929978,0.0792808891930598,0.0,0.0,0.0,0.0,0.0,0.0,0.0,0.0,0.0,0.0,0.0,0.0,1,1,0,2.178834285557871,5.81461996427227,1498
0,1,0,1,4.207,1,1,0,0,1,0,0,0,0,0.3909992539041396,0.1455530113972574,0.0,0.0408294527772774,0.0,0.0,0.0,0.1681610023411973,0.0,0.1134966168411845,0.0,0.0,0.0953780647817026,0.0,0.0,0.0,0.0,0.0,0.0,0.0,1,1,0,1.7446678616942044,7.282695198047414,1501
0,1,1,0,6.1800000000000015,0,0,0,0,0,0,0,0,0,0.0,0.2797316696113073,0.4002594964664311,0.0,0.0,0.0,0.0,0.0,0.0,0.0,0.0,0.0,0.0,0.0,0.0,0.3200088339222616,0.0,0.0,0.0,0.0,0,0,0,3.86258062861428,7.469298921696489,1501
0,0,0,0,6.332000000000002,0,1,0,0,0,0,0,0,0,0.6852376683611826,0.0,0.0332908312407084,0.0,0.1679129616534613,0.0,0.0,0.0,0.0,0.0,0.0,0.0,0.0,0.0,0.0,0.0,0.0,0.0,0.0,0.0,1,1,0,3.4994426438343806,11.573528401845664,1502
0,1,0,1,6.697,1,1,0,0,1,0,0,0,0,0.0,0.0,0.0,0.0,0.0,0.0,0.0,0.0537057431403331,0.0,0.0,0.0371863064414086,0.0,0.0,0.0,0.0,0.0,0.0,0.0,0.0,0.0,1,0,1,2.751811870541079,3.4470626375341054,1509
0,0,0,0,14.675,0,1,0,0,0,0,0,0,0,0.0,0.5925709980674114,0.0762553637524976,0.0,0.0,0.0,0.0,0.0,0.0,0.109083166824986,0.2220904713551049,0.0,0.0,0.0,0.0,0.0,0.0,0.0,0.0,0.0,1,1,0,2.9259533789460743,4.261185803722947,1522
0,1,1,0,5.7040000000000015,0,1,0,0,1,0,0,0,0,0.0,0.0,0.1051924074497575,0.0,0.0,0.2442590123883735,0.0,0.0742298403065578,0.5052124876590381,0.0315761290934343,0.0,0.0,0.0,0.0,0.0,0.0,0.0,0.0,0.0,0.0,1,1,0,1.8809906029559973,8.210735148475777,1527
0,0,0,0,300.0,0,0,0,0,0,0,0,0,0,0.0,0.0312555212014134,0.1830940812720847,0.0,0.1834805653710246,0.0,0.0,0.0,0.0,0.0,0.0,0.0,0.0,0.0,0.0,0.0,0.0,0.3890845848056538,0.0,0.0,0,0,0,1.158452289024127,9.953325643628771,1555
0,1,1,0,12.454,0,0,0,0,0,0,0,0,0,0.0,0.0,0.0690757508833922,0.0,0.0974271201413427,0.1800739840989399,0.0,0.0,0.0330112632508833,0.5697935070671377,0.0,0.0,0.0,0.0,0.0,0.0,0.0,0.0,0.0,0.0506183745583038,0,0,0,5.703782474656201,8.639622483155065,1579
0,0,0,0,11.068,1,0,0,0,0,0,0,0,0,0.1404002859965396,0.0,0.3163427373798569,0.0,0.0,0.4016450258979691,0.0,0.0,0.0,0.0346470617130318,0.0,0.0,0.0,0.0,0.0,0.0386804861941173,0.0,0.0,0.0,0.0,0,0,0,2.1614822520160457,9.088641328761147,1587
0,1,1,0,11.815,0,0,0,0,0,0,0,0,0,0.0,0.1443518109540635,0.1412157685512367,0.0350485865724381,0.3200088339222615,0.0312555212014134,0.0974271201413427,0.0,0.0,0.0,0.0,0.0,0.0,0.0,0.0,0.1800739840989399,0.0,0.0,0.0,0.0,1,1,0,1.9319560997213383,3.7416142090978015,1592
0,1,1,0,15.927,0,0,0,0,0,0,0,0,0,0.0002587201630971,5.691843588138203e-05,0.127248925017722,0.0,0.7969771136143728,1.552320978583146e-05,0.0,0.0,0.0,0.01086107244682,0.0020749357080394,0.0,0.0,0.0,0.0,0.0,0.0,0.0,0.0,0.0001552320978582,0,0,0,4.574865605723236,6.316245491853892,1594
0,0,0,0,229.648,0,1,0,0,0,0,0,0,0,0.1156015591732451,0.4616659569589572,0.2128664548462117,0.0,0.09714697500737,0.1127190540142158,0.0,0.0,0.0,0.0,0.0,0.0,0.0,0.0,0.0,0.0,0.0,0.0,0.0,0.0,1,1,0,2.8640277825565628,6.702161819910813,1620
0,0,0,0,9.873,0,1,0,0,0,0,0,0,0,0.1156015591732451,0.0,0.0370860493301451,0.0,0.0,0.8473123914966098,0.0,0.0,0.0,0.0,0.0,0.0,0.0,0.0,0.0,0.0,0.0,0.0,0.0,0.0,0,0,0,1.6241294611770904,5.64734967984402,1645
0,1,1,0,11.806,0,0,0,0,0,1,0,0,0,0.3329292594804595,0.0,0.288981793023517,0.0,0.0,0.0,0.0,0.0,0.0,0.0353554765804708,0.0,0.0,0.0,0.0,0.0,0.0,0.0,0.0,0.0,0.0,1,1,0,1.7307701976016254,5.677900404942097,1660
0,1,1,0,7.849,0,0,0,0,0,0,0,0,0,0.0,0.9608712455830388,0.0,0.0,0.0,0.0,0.0,0.0,0.0,0.0391287544169611,0.0,0.0,0.0,0.0,0.0,0.0,0.0,0.0,0.0,0.0,1,1,0,3.073480042175916,6.36910443278975,1671
0,1,1,0,2.3640000000000003,0,1,0,0,0,0,0,0,0,0.5509843100003277,0.1427233122604736,0.0,0.0,0.0,0.0,0.0,0.0391693144223525,0.0,0.0,0.0464279865046349,0.0,0.0,0.0,0.0,0.0,0.0,0.0370860493301451,0.0,0.0,1,0,1,0.1831545430978463,8.330003002041297,1674
0,1,1,0,13.415,0,1,0,0,0,0,0,0,0,0.5509843100003277,0.1427233122604736,0.0,0.0,0.0,0.0,0.0,0.0391693144223525,0.0,0.0,0.0464279865046349,0.0,0.0,0.0,0.0,0.0,0.0,0.0370860493301451,0.0,0.0,1,1,0,0.8603550995438519,3.462731393779428,1674
0,1,1,0,28.248,0,0,0,0,0,0,0,0,0,0.1443518109540636,0.7913814045936397,0.0,0.0,0.0,0.0312555212014134,0.0,0.0,0.0,0.0,0.0,0.0,0.0,0.0,0.0,0.0,0.0,0.0,0.0,0.0,0,0,0,5.138747026860052,9.446423840280236,1680
0,0,0,0,19.516,1,0,0,0,0,0,0,0,0,0.3277989728139549,0.0,0.0,0.0,0.0,0.0,0.4805505979183382,0.0,0.0,0.0,0.1183228813605575,0.0,0.0,0.0,0.0,0.0,0.0,0.0,0.0,0.0,1,1,0,3.2283111716546857,5.817259958415975,1687
0,1,1,0,8.125,0,0,0,0,0,0,0,0,0,0.0,0.0,0.1695671378091872,0.1800739840989399,0.0,0.0,0.0350485865724381,0.1949701855123674,0.0,0.0,0.0,0.0,0.0,0.0,0.0,0.0,0.0312555212014134,0.3200088339222616,0.0,0.0,0,0,0,-0.8964881045779755,6.106933796914096,1720
0,1,1,0,5.3820000000000014,0,0,0,0,0,0,0,0,0,0.2417789310954063,0.0,0.0312555212014134,0.2872625883392225,0.0,0.0,0.0,0.0,0.0,0.0,0.0,0.0,0.0,0.0506183745583038,0.0,0.0,0.0,0.0,0.0,0.0,1,1,0,0.2791457414294944,4.798753095059064,1720
0,1,1,0,13.512,0,0,0,0,0,0,0,0,0,0.119694125441696,0.0,0.1616939045936395,0.3244257950530035,0.0,0.0350485865724381,0.0391287544169611,0.0,0.0,0.0,0.0,0.0,0.0,0.0,0.0,0.0,0.0,0.0,0.0,0.0,1,1,0,2.3300056885700378,2.8850800034503963,1724
0,1,1,0,29.776000000000003,0,0,0,0,0,0,0,0,0,0.2113295053003534,0.0,0.3200088339222616,0.0,0.4336130742049469,0.0350485865724381,0.0,0.0,0.0,0.0,0.0,0.0,0.0,0.0,0.0,0.0,0.0,0.0,0.0,0.0,1,1,0,3.4721527705958044,4.969250641313525,1726
0,1,1,0,6.388999999999999,0,0,0,0,0,0,0,0,0,0.0,0.1020870141342756,0.0,0.0,0.0,0.0,0.1443518109540636,0.0,0.0,0.0,0.5898299469964665,0.0,0.0,0.0,0.0,0.0,0.0,0.0350485865724381,0.0,0.0,0,0,0,3.356827433926215,3.929253700689812,1736
0,1,1,0,2.006,0,0,0,0,0,0,0,0,0,0.0330112632508833,0.0897471289752649,0.5000828180212015,0.0,0.0350485865724381,0.0,0.0,0.0,0.0,0.0,0.0974271201413427,0.0,0.0312555212014134,0.0,0.0,0.0,0.0690757508833922,0.0,0.0,0.0,1,1,0,0.7246458476193163,2.059876386184996,1737
0,1,1,0,9.795,0,0,0,0,0,0,0,0,0,0.4688884747587696,0.0882718350105602,0.0004296599991716,0.0316447177703232,0.1354878452809873,4.14130119683605e-05,0.0913467511492111,0.062166107591005,0.0,0.0,0.0738445769660827,0.0,0.0,0.0,4.14130119683605e-05,0.0,0.0108657390151985,0.0,0.0,0.0,1,1,0,2.403877344475918,11.039622976466651,1740
0,1,1,0,19.391,0,0,0,0,0,0,0,0,0,0.0,0.0,0.0,0.2161053445229681,0.0,0.0,0.0,0.0,0.0,0.0,0.1443518109540636,0.0,0.0,0.0,0.0,0.0,0.0391287544169611,0.0312555212014134,0.0,0.0,1,1,0,3.157255707710662,4.820313823149273,1753
0,1,0,1,74.683,0,0,0,0,0,1,0,0,0,0.022096616655725,0.0,0.4223816309865019,0.0941828254847645,0.0,0.0667755485458398,0.0,0.0,0.0,0.0,0.3833602869357758,0.0,0.0,0.0,0.0,0.0,0.0,0.0112030913913929,0.0,0.0,1,0,1,3.7681988233181913,5.340854689051703,1753
0,1,0,1,18.18,0,0,0,0,0,1,0,0,0,0.0523113381262709,0.0,0.1658900826755052,0.0986875463682022,0.0,0.0,0.0,0.0,0.0,0.0,0.6229751439749361,0.0,0.0,0.0,0.0,0.0,0.0,0.0112030913913929,0.0,0.0,1,0,1,4.313252489264638,5.50253086975809,1753
0,0,0,0,44.31399999999999,1,1,0,0,0,0,0,0,0,0.0,0.0271217530872284,0.2996691670215204,0.0,0.0,0.0,0.0807560024894362,0.0,0.3797045432211997,0.0,0.0600609256772249,0.0,0.0,0.0,0.0,0.1156015591732451,0.0,0.0,0.0,0.0,1,0,0,4.043559910383818,9.171090162387886,1753
0,1,0,1,9.749,1,1,0,1,1,0,0,0,0,0.3885846753884104,0.0,0.0,0.0386085676279526,0.0,0.0,0.3370807557696528,0.0807880564631736,0.0,0.0,0.113946610530666,0.0,0.0,0.0,0.0,0.0,0.0,0.0,0.0,0.0,0,0,0,2.119983496992772,3.409628407140008,1753
0,0,0,0,43.465,0,0,0,0,0,0,0,0,0,0.0,0.1773630742049469,0.0,0.0506183745583038,0.0,0.0,0.0,0.0,0.0690757508833922,0.0,0.0,0.0350485865724381,0.0,0.0,0.0,0.0703842756183745,0.0,0.0,0.5975099381625443,0.0,1,1,0,2.9906694792115287,3.930295050215595,4
0,0,0,0,5.614000000000001,1,1,0,0,1,0,0,0,0,0.1913520490480801,0.0332130599313561,0.0,0.0,0.0372436856463961,0.0,0.0,0.1533925899850391,0.0,0.0,0.0,0.0,0.0,0.0,0.0,0.0,0.0,0.0,0.0,0.0,1,0,1,3.6520598559754,7.577175180866963,39
0,1,1,0,18.914,0,0,0,0,0,0,0,0,0,0.0,0.9309242491166078,0.0,0.0,0.0,0.0,0.0,0.0690757508833922,0.0,0.0,0.0,0.0,0.0,0.0,0.0,0.0,0.0,0.0,0.0,0.0,1,1,0,3.911802981224596,5.840304391203231,60
0,1,1,0,8.152000000000001,1,0,0,0,1,0,0,0,0,0.0,0.0,0.0,0.0,0.2843100333480697,0.0,0.0,0.0308974505919146,0.0,0.0,0.0500384785420725,0.0,0.0,0.0,0.0,0.0,0.0,0.0,0.0,0.0,0,0,0,3.543073030613801,14.25844019380367,80
0,0,0,0,2.717,1,1,1,1,1,0,0,0,0,0.0714661294161274,0.1423787726998499,0.0542471758370093,0.0,0.0,0.0,0.0,0.0,0.0,0.6460290137430609,0.0858789083039523,0.0,0.0,0.0,0.0,0.0,0.0,0.0,0.0,0.0,0,0,0,5.703782474656201,11.482558892370037,580
0,1,1,0,4.1560000000000015,0,1,0,0,0,0,0,0,0,0.2470113944959265,0.0,0.7529886055040733,0.0,0.0,0.0,0.0,0.0,0.0,0.0,0.0,0.0,0.0,0.0,0.0,0.0,0.0,0.0,0.0,0.0,1,1,0,1.6507717759270777,2.827727737354829,151
0,1,1,0,29.837000000000003,0,1,0,0,0,0,0,0,0,0.0,0.0271217530872284,0.5974122965049626,0.0,0.1178420518195813,0.0,0.0,0.0,0.0,0.0,0.0,0.0,0.0,0.0,0.0,0.0,0.0,0.0,0.0,0.0,0,0,0,3.113693071187556,4.807939586717796,169
0,0,0,0,5.855,0,1,0,0,0,0,0,0,0,0.0,0.0271217530872284,0.5974122965049626,0.0,0.1178420518195813,0.0,0.0,0.0,0.0,0.0,0.0,0.0,0.0,0.0,0.0,0.0,0.0,0.0,0.0,0.0,1,1,0,3.395749234088429,3.742680850582246,169
0,1,0,1,33.624,0,0,0,0,0,0,0,0,0,0.0353554765804708,0.4673084542105481,0.0,0.0,0.0,0.0,0.0,0.0,0.0,0.4973360692089811,0.0,0.0,0.0,0.0,0.0,0.0,0.0,0.0,0.0,0.0,1,1,0,1.8639250800282403,11.048030030653132,547
0,0,0,0,17.310000000000002,0,0,0,0,0,0,0,0,0,0.4962731890459363,0.0506183745583038,0.2775011042402828,0.0,0.0312555212014134,0.0,0.0,0.0,0.0,0.0,0.0,0.0,0.0,0.0,0.0,0.0,0.0,0.0,0.0,0.0,1,1,0,2.872207787268494,4.943426544402806,196
0,0,0,0,19.55,0,0,0,0,0,0,0,0,0,0.1169224823321554,0.0,0.0721400176678444,0.0,0.0974271201413427,0.3890845848056538,0.0,0.0,0.0,0.1443518109540635,0.0,0.0,0.0,0.0,0.0,0.0,0.0,0.1800739840989399,0.0,0.0,1,1,0,3.07209128165274,9.404662713760452,196
0,1,1,0,26.958,0,0,0,0,0,0,0,0,0,0.5154747701593095,0.0,0.0,0.0,0.0,0.0524510491964348,0.0,0.0,0.0,0.049661379745947,0.0,0.0,0.0,0.0,0.0,0.154800336865745,0.0,0.0556881184644535,0.0,0.0,1,1,0,2.5617133580277653,5.470811626586485,196
0,1,1,0,24.156,0,0,0,0,0,0,0,0,0,0.494461355365848,0.0,0.0,0.0,0.0,0.3721820428901655,0.0,0.0,0.0,0.0,0.1333566017439864,0.0,0.0,0.0,0.0,0.0,0.0,0.0,0.0,0.0,1,1,0,2.681774669689948,7.383327126884445,196
0,1,1,0,7.007999999999999,0,1,0,0,0,0,0,0,0,0.0724743083003952,0.0447509881422924,0.0,0.0,0.0,0.0,0.0,0.0,0.4245928853754939,0.4581818181818183,0.0,0.0,0.0,0.0,0.0,0.0,0.0,0.0,0.0,0.0,0,0,0,2.5475684109127115,5.179072012224685,281
0,0,0,0,2.4450000000000003,1,1,0,0,0,0,0,0,0,0.5976163523630658,0.0,0.0408294527772774,0.0,0.2214296740332913,0.0,0.0,0.0,0.0,0.0,0.0,0.0,0.0266279039851809,0.0,0.0,0.0,0.0,0.0,0.0,0.0,1,1,0,2.2859474518410225,6.186609777995331,289
0,1,1,0,9.137,0,1,0,0,1,0,0,0,0,0.171279766779128,0.2391496609780863,0.0,0.0,0.3797045432211997,0.0,0.0391693144223525,0.0370860493301451,0.0,0.0271217530872284,0.0,0.0,0.0,0.0,0.0,0.1064889121818598,0.0,0.0,0.0,0.0,1,1,0,2.395073112429197,6.66018967222367,289
0,0,0,0,1.481,1,1,0,0,0,0,0,0,0,0.0735170668078676,0.0,0.0,0.0,0.0,0.0,0.7743862277382444,0.0,0.0,0.0,0.0843718923945189,0.0,0.0,0.0,0.0,0.0,0.0,0.0677248130593688,0.0,0.0,0,0,0,2.168138996441123,6.153806585961529,292
0,1,1,0,10.022,1,1,0,0,0,0,0,0,0,0.1691707430701141,0.0,0.0809521960814762,0.0,0.0,0.0,0.0,0.0,0.0,0.0,0.0593213758832207,0.0,0.0,0.0,0.0,0.0,0.0,0.0,0.1044918083702149,0.0,1,1,0,2.427365809891352,5.443754478986236,319
0,0,0,0,4.909000000000002,0,1,0,0,0,0,0,0,0,0.0,0.0,0.0,0.0,0.0,0.956901408450704,0.0,0.0,0.0,0.0,0.0,0.0,0.0,0.0,0.0,0.0,0.0,0.0,0.0,0.0,0,0,0,1.1835659945482733,3.4546117582967915,336
0,1,1,0,9.973,0,1,0,0,0,0,0,0,0,0.0,0.0,0.0699402000941955,0.0505730229637346,0.0,0.1107225940885151,0.0,0.0,0.0,0.0,0.3124937559764226,0.0,0.0,0.0,0.0,0.456270426877132,0.0,0.0,0.0,0.0,0,0,0,1.4779615496457146,3.8725334561416696,339
0,0,0,0,7.242000000000001,1,1,0,0,0,0,0,0,0,0.2340318768239379,0.1538842451372658,0.0467918498857768,0.0,0.0,0.0,0.0,0.0,0.0,0.3826803470268987,0.1826116811261207,0.0,0.0,0.0,0.0,0.0,0.0,0.0,0.0,0.0,0,0,0,5.703782474656201,9.755789137009453,353
0,1,1,0,21.683000000000003,0,0,0,0,0,0,0,0,0,0.2767764286613276,0.0844445327663069,0.383935136424157,0.0,0.0,0.0,0.0,0.0,0.0,0.0,0.0396057312056596,0.0,0.0,0.0,0.0,0.0,0.0,0.0420500387512171,0.0,0.0,1,0,1,3.1946650961531424,4.31896701941571,361
0,0,0,0,11.024,1,1,1,0,1,0,0,0,0,0.3499456272061689,0.0,0.0,0.0,0.0,0.0,0.4885933438395914,0.0347695116916044,0.0,0.0,0.126691517262635,0.0,0.0,0.0,0.0,0.0,0.0,0.0,0.0,0.0,1,1,0,3.379258474143401,6.971939674924783,361
0,1,1,0,11.323,0,0,0,0,0,0,0,0,0,0.0,0.1964611495768765,0.7101366450525699,0.0,0.0,0.0,0.0,0.0,0.0,0.0,0.0,0.0,0.0519251199765541,0.0,0.0,0.0414770853939993,0.0,0.0,0.0,0.0,1,1,0,2.7695842132194826,4.437000024197031,402
0,0,0,0,300.0,1,1,0,0,0,0,0,0,0,0.1913520490480801,0.0,0.0,0.0,0.0,0.0,0.0,0.0,0.0,0.0,0.0,0.0,0.0,0.0,0.0,0.0,0.0,0.0,0.0,0.0,1,1,0,3.058847907868066,8.253065132377218,416
0,0,0,0,5.466,0,1,0,0,0,0,0,0,0,0.0,0.2492976777802217,0.1109009207177199,0.0,0.0,0.0,0.595261289004808,0.0,0.0,0.0,0.0,0.0,0.0,0.0,0.0,0.0445401124972503,0.0,0.0,0.0,0.0,0,0,0,2.7074500210301777,4.320908922558404,416
0,0,0,0,4.824000000000002,0,0,0,0,0,0,0,0,0,0.0,0.0,0.0462571804446768,0.0,0.0,0.0,0.0,0.0,0.0,0.0,0.0,0.0,0.0,0.0,0.0,0.0,0.0,0.2136361036435393,0.0,0.0,1,1,0,2.3365033111975064,3.0959395339710167,439
0,1,1,0,3.64,0,1,0,0,0,0,0,0,0,0.0,0.0,0.0,0.1016476137443085,0.3797045432211997,0.0,0.0,0.0,0.0,0.0,0.0662910675095809,0.1283894002423924,0.0,0.0,0.0,0.0,0.1156015591732451,0.0,0.0,0.0,1,0,1,2.7286368347105983,4.305496500683932,463
0,1,1,0,47.604000000000006,0,0,0,0,0,0,0,0,0,0.4282133392226149,0.0,0.3886925795053004,0.0,0.0974271201413427,0.0,0.0,0.0,0.0,0.0,0.0,0.0,0.0,0.0,0.0,0.0350485865724381,0.0,0.0,0.0,0.0,1,0,0,4.423588355529136,10.821428282414582,471
0,1,1,0,11.009,0,1,0,0,0,0,0,0,0,0.0,0.0,0.6185236962019915,0.0441802640144278,0.0,0.0,0.0,0.0,0.0,0.0,0.0604117088371199,0.0,0.0,0.0,0.0,0.0,0.0,0.0,0.0,0.0,1,1,0,2.012901017871592,8.097383997033008,472
0,1,1,0,43.07,0,1,0,0,0,0,0,0,0,0.0,0.0,0.6185236962019915,0.0441802640144278,0.0,0.0,0.0,0.0,0.0,0.0,0.0604117088371199,0.0,0.0,0.0,0.0,0.0,0.0,0.0,0.0,0.0,1,1,0,2.3987131200882663,4.376687406328276,472
0,1,1,0,6.791,0,0,0,0,0,0,0,0,0,0.0,0.0,0.0,0.2044573403103274,0.0,0.0,0.0,0.0467971133100215,0.0,0.0,0.748745546379651,0.0,0.0,0.0,0.0,0.0,0.0,0.0,0.0,0.0,1,1,0,1.9623457698035889,4.331561944267635,575
0,0,0,0,25.355,1,1,1,0,0,0,0,0,0,0.0464279865046349,0.2313406924563529,0.0391693144223525,0.1057944904844572,0.0,0.0,0.3797045432211997,0.0,0.0,0.0,0.0819614137377575,0.0,0.0,0.0,0.0,0.1156015591732451,0.0,0.0,0.0,0.0,1,1,0,2.163093114175447,4.05726555398068,590
0,0,0,0,3.2670000000000003,1,1,0,0,0,0,0,0,0,0.372790655792534,0.0,0.0455825979572409,0.0,0.0,0.0,0.0,0.0,0.0,0.0,0.0630386683475262,0.0,0.0,0.0,0.0,0.0,0.0,0.0,0.0,0.0,1,1,0,3.384661413022056,4.933783047041836,592
