scholarly_articles,click,organic_click_3p,organic_click_1p,time_elapsed,n_direct_answer,n_featured_snippet,n_knowledge_panel_rhs,n_people_also_ask,n_top_stories,n_twitter_cards,n_videos,n_images,n_ad,n_local_results,n_map_results,Reference,News and Media,Business,Shopping,Information Technology,Education,Entertainment,Streaming Media and Download,Health and Wellness,Government and Legal Organizations,Social Networking,Finance and Banking,Sports,Society and Lifestyles,Newsgroups and Message Boards,Arts and Culture,Travel,Real Estate,click_prev_1,organic_click_3p_prev_1,organic_click_1p_prev_1,log_time_elapsed_prev_1,log_time_prev_1,user_id
1,1,1,0,18.638,0,0,0,0,0,0,0,0,0,0,0,0.0,0.4938033034653998,0.0952499190327108,0.0,0.0305570549498002,0.3128576055273671,0.0,0.0,0.0,0.0,0.0,0.0,0.0,0.0,0.0,0.0,0.0,0.0,0,0,0,2.6635408611162528,3.903405985321032,1117
1,0,0,0,9.061,0,0,1,1,0,0,0,0,0,0,0,0.0,0.0,0.0,0.056727407728243,0.0,0.9407913869380936,0.0,0.0,0.0,0.0,0.0,0.0,0.0,0.0,0.0,0.0,0.0,0.0,1,1,0,1.6939628675037883,3.924425772145189,619
1,1,1,0,7.7890000000000015,0,0,0,0,0,0,0,0,0,0,0,0.0,0.0,0.0,0.0,0.0,1.0,0.0,0.0,0.0,0.0,0.0,0.0,0.0,0.0,0.0,0.0,0.0,0.0,0,0,0,2.329811079247637,8.758213752508793,1612
1,0,0,0,9.547,0,0,0,1,0,0,0,0,0,0,0,0.0256801518478543,0.0,0.0,0.0,0.0,0.9303596461845748,0.0,0.0,0.0,0.0,0.0,0.0,0.0,0.0,0.0,0.0,0.0,0.0,1,1,0,1.590458945836298,3.2455956495675826,1720
1,1,1,0,5.672999999999999,0,0,0,1,0,0,0,0,0,0,0,0.0,0.0,0.0,0.0,0.0840230318629626,0.8930116712523299,0.0,0.0,0.0,0.0229652968847075,0.0,0.0,0.0,0.0,0.0,0.0,0.0,0.0,1,1,0,2.2693384992004098,6.022049521683679,1328
1,0,0,0,256.719,0,0,0,1,0,0,0,0,0,0,0,0.0351148163310878,0.0,0.0393762328333766,0.0,0.0,0.5104581487960103,0.0,0.0,0.0256801518478543,0.3893706501916708,0.0,0.0,0.0,0.0,0.0,0.0,0.0,0.0,1,1,0,2.510736826489018,3.47150050550458,759
1,1,1,0,11.653,0,0,0,0,0,0,0,0,0,0,0,0.0566123286192377,0.0,0.0,0.0,0.0,0.4898682932095434,0.0,0.0,0.1363435172190434,0.3171758609521753,0.0,0.0,0.0,0.0,0.0,0.0,0.0,0.0,1,1,0,2.362173884405703,4.539329484047658,759
1,1,0,1,2.548,0,0,0,1,0,0,1,0,0,0,0,0.1921773818151821,0.1610954965147042,0.0,0.0,0.0,0.574734993783623,0.0352300648742288,0.0243941241979105,0.0,0.0,0.0,0.0,0.0,0.0,0.0,0.0,0.0,0.0,1,1,0,2.386282652015612,4.276402195302367,761
1,0,0,0,5.488,0,0,1,1,0,0,0,0,0,0,0,0.0569292239538398,0.0,0.0,0.0,0.0,0.9430707760461602,0.0,0.0,0.0,0.0,0.0,0.0,0.0,0.0,0.0,0.0,0.0,0.0,0,0,0,1.370926883988769,4.905289593143506,764
1,1,1,0,14.313,0,0,0,1,0,0,0,0,0,0,0,0.0405323480966324,0.0,0.0236777086383601,0.0,0.0,0.4343658491947292,0.0,0.0,0.0,0.5014240940702782,0.0,0.0,0.0,0.0,0.0,0.0,0.0,0.0,1,1,0,3.670384471477692,8.435892242489071,777
1,1,1,0,72.91600000000003,0,0,0,0,0,0,0,0,1,0,0,8.275148694078105e-05,0.0,0.0447375226273594,0.0,0.0001913628135505,0.3333385053012673,0.0001551590380139,0.0,0.6213860874062582,0.0001086113266097,0.0,0.0,0.0,0.0,0.0,0.0,0.0,0.0,1,1,0,3.562352047642178,5.771581300220636,784
1,1,1,0,14.308000000000002,0,0,0,1,0,0,0,0,0,0,0,0.0,0.0,0.4080104705546665,0.0,0.0,0.3946369422010497,0.0,0.0,0.0,0.1973525872442838,0.0,0.0,0.0,0.0,0.0,0.0,0.0,0.0,0,0,0,3.6638436576427127,4.207390469455914,802
1,0,0,0,2.253,0,1,0,0,0,0,0,0,0,0,0,0.1614357251795274,0.0,0.0,0.0,0.0,0.5542225213487865,0.0,0.0,0.0437596092693559,0.2405821442023303,0.0,0.0,0.0,0.0,0.0,0.0,0.0,0.0,0,0,0,2.5261285643295825,5.715526575279955,592
1,1,1,0,23.567,0,0,0,0,0,0,0,0,0,0,0,0.0,0.0,0.0,0.0,0.0,0.3128576055273671,0.0,0.0,0.0648224117456547,0.599973010903595,0.0,0.0,0.0,0.0,0.0,0.0,0.0,0.0,1,1,0,3.248667609675937,4.97170733808542,802
1,1,1,0,194.717,1,0,0,0,1,0,0,0,0,0,0,0.0,0.0236777086383601,0.0341954154465592,0.0,0.0,0.6141391379941434,0.0,0.0,0.186533446193265,0.141454291727672,0.0,0.0,0.0,0.0,0.0,0.0,0.0,0.0,1,1,0,1.9096906420597333,3.397022010251675,1724
1,1,1,0,6.982,1,0,0,0,1,0,0,0,0,0,0,0.0,0.0236777086383601,0.0341954154465592,0.0,0.0,0.6141391379941434,0.0,0.0,0.186533446193265,0.141454291727672,0.0,0.0,0.0,0.0,0.0,0.0,0.0,0.0,0,0,0,-0.0356271776431511,8.700573520845913,1724
1,1,1,0,10.579,0,0,1,1,0,0,0,0,0,0,0,0.0818959592058494,0.0,0.0,0.0,0.0,0.9181040407941504,0.0,0.0,0.0,0.0,0.0,0.0,0.0,0.0,0.0,0.0,0.0,0.0,1,1,0,3.5596530673541285,7.572509157840838,861
1,1,1,0,13.86,0,1,1,0,0,0,0,0,0,0,0,0.2794634898777214,0.1697596592637664,0.0338814788721117,0.0,0.0,0.4471575958454091,0.0,0.0,0.0,0.0319119978223624,0.0,0.0,0.0,0.0,0.0,0.0,0.0,0.0,1,1,0,1.9544450515051508,11.040026640689083,790
1,0,0,0,13.738,0,0,1,1,0,0,0,1,0,0,0,0.0,0.0,0.0,0.0,0.0,0.3546450795748666,0.0,0.0,0.6065128402812195,0.0,0.0,0.0,0.0,0.0,0.0,0.0,0.0,0.0,0,0,0,4.385134300873296,4.426486005911421,900
1,0,0,0,6.143000000000002,0,1,0,1,0,0,0,0,0,0,0,0.0,0.0,0.0,0.0,0.0,0.3595221258699618,0.0,0.0,0.6274579130844715,0.0,0.0,0.0,0.0,0.0,0.0,0.0,0.0,0.0,0,0,0,2.527007825806636,8.435138310679628,731
1,1,1,0,6.252999999999999,0,0,0,1,0,0,0,0,0,0,0,0.0256801518478543,0.0,0.0,0.0,0.0,0.5223491756299081,0.0,0.0,0.3951021623432207,0.0568685101790166,0.0,0.0,0.0,0.0,0.0,0.0,0.0,0.0,1,1,0,4.772428865105001,5.495765602733664,908
1,0,0,0,0.607,0,0,0,0,0,0,0,0,0,0,0,0.0,0.0,0.0,0.0,0.0,0.3128576055273671,0.0,0.0,0.0,0.0,0.0,0.0,0.0,0.0,0.6871423944726329,0.0,0.0,0.0,0,0,0,1.1419910119700547,2.1869497493951213,936
1,1,1,0,1.2060000000000002,0,0,0,0,0,0,0,0,0,0,0,0.0,0.0,0.0,0.0,0.0305570549498002,0.5377361545935442,0.0,0.0,0.3364568714239447,0.0952499190327108,0.0,0.0,0.0,0.0,0.0,0.0,0.0,0.0,0,0,0,3.776180372515739,5.79635557875064,1724
1,1,1,0,18.636000000000006,0,1,0,0,0,0,0,0,0,0,0,0.0,0.0,0.0,0.0,0.5999730109035949,0.3694699341466048,0.0,0.0,0.0,0.0305570549498002,0.0,0.0,0.0,0.0,0.0,0.0,0.0,0.0,0,0,0,2.304882452042729,7.107613007712731,952
1,1,1,0,12.345,0,1,0,0,0,0,1,0,0,0,0,0.0,0.0,0.0,0.0,0.3262549929828349,0.4251754291266329,0.0,0.0382543452445211,0.0,0.1760498758501565,0.0,0.0,0.0,0.0,0.0,0.0,0.0,0.0,1,1,0,2.920631501044741,6.214702094004469,952
1,1,1,0,18.293000000000006,0,0,0,1,0,0,0,0,0,0,0,0.1009219436310395,0.0,0.0341954154465592,0.0,0.0524341142020497,0.7719161786237189,0.0,0.0,0.0,0.0,0.0,0.0,0.0,0.0,0.0,0.0,0.0,0.0,1,1,0,2.7703988261667454,7.126297058366654,952
1,1,1,0,12.399,0,0,0,0,0,0,0,0,0,0,0,0.0877415524128251,0.0,0.0,0.0,0.475256396415848,0.3694699341466048,0.0,0.0,0.0,0.0,0.0,0.0,0.0,0.0,0.0,0.0,0.0,0.0,1,0,1,3.1179499062782403,9.80400450843115,952
1,1,1,0,6.939,0,0,0,0,0,0,0,0,0,0,0,0.0877415524128251,0.0,0.0,0.0,0.475256396415848,0.3694699341466048,0.0,0.0,0.0,0.0,0.0,0.0,0.0,0.0,0.0,0.0,0.0,0.0,1,1,0,2.517615824197705,7.212017881581139,952
1,0,0,0,300.0,0,0,0,0,0,0,0,0,0,0,0,0.0877415524128251,0.0,0.0,0.0,0.475256396415848,0.3694699341466048,0.0,0.0,0.0,0.0,0.0,0.0,0.0,0.0,0.0,0.0,0.0,0.0,1,1,0,2.202654254368996,6.0395282569971975,952
1,1,1,0,11.617,0,0,0,0,0,0,0,0,0,0,0,0.0,0.0,0.0,0.0,0.182991471445536,0.5734265356795855,0.0,0.0,0.1760498758501565,0.0,0.0,0.0,0.0,0.0,0.0,0.0,0.0,0.0,1,1,0,2.5752804231375035,4.009893541085899,952
1,1,1,0,7.056,0,0,0,0,0,0,0,0,0,0,0,0.0,0.0,0.0,0.0,0.6305300658533952,0.3694699341466048,0.0,0.0,0.0,0.0,0.0,0.0,0.0,0.0,0.0,0.0,0.0,0.0,1,1,0,3.3110538318091893,8.382283249028472,952
1,1,1,0,5.952000000000001,0,0,0,0,0,0,0,0,0,0,0,0.0,0.0,0.0,0.0,0.0,0.312857605527367,0.0,0.0,0.2364622692432255,0.4506801252294073,0.0,0.0,0.0,0.0,0.0,0.0,0.0,0.0,0,0,0,2.913816980352724,4.777559245103199,958
1,0,0,0,6.355,0,1,1,0,0,0,0,0,0,0,0,0.1884513347262761,0.0,0.0,0.0,0.1495765347624287,0.581441961603692,0.0,0.0,0.0,0.031787804839147,0.0,0.0,0.0,0.0,0.0,0.0,0.0,0.0,0,0,0,1.386544329875098,6.521595615771935,979
1,0,0,0,6.759,0,0,0,0,0,0,0,0,0,0,0,0.0,0.0648224117456547,0.0,0.0,0.0,0.8151624743603585,0.0,0.0,0.0,0.0,0.0,0.0,0.0,0.0,0.0,0.0,0.0,0.0,0,0,0,-0.0151136378100481,4.4230726041098825,979
1,1,1,0,9.003,0,0,0,1,0,0,0,0,0,0,0,0.0,0.0,0.0,0.0,0.0,0.3595221258699618,0.0,0.0,0.5310208790799804,0.1094569950500577,0.0,0.0,0.0,0.0,0.0,0.0,0.0,0.0,0,0,0,2.681979973369026,9.05841547991118,688
1,1,0,1,11.115,0,0,0,0,0,0,0,0,0,0,0,0.0,0.0,0.0,0.0,0.0,0.5210353017380979,0.0,0.0,0.2686494656158912,0.1760498758501565,0.0,0.0,0.0,0.0,0.0,0.0,0.0,0.0,1,1,0,2.5085417928854343,8.610229150776906,997
1,1,1,0,24.701,0,0,0,0,0,0,0,0,0,0,0,0.0,0.0,0.0,0.0,0.0,0.5817823599265898,0.0,0.0,0.0,0.3533952283277555,0.0,0.0,0.0,0.0,0.0,0.0,0.0,0.0,1,0,1,2.40829554741616,5.285860095945685,997
1,0,0,0,3.963,0,0,0,0,0,0,0,0,0,0,0,0.0,0.0,0.0223469718233833,0.0,0.0,0.3128576055273671,0.0,0.0,0.2637914282629817,0.1970473928532872,0.0,0.0305570549498002,0.0,0.0,0.0,0.0,0.0,0.0,0,0,0,2.225163946025461,6.35882272158012,1007
1,1,1,0,5.346,0,0,0,0,0,0,0,0,0,0,0,0.0,0.0,0.0322735614811616,0.0,0.0,0.3434146604771673,0.0,0.0,0.2086581021267407,0.0,0.0,0.0,0.0,0.0,0.0,0.0,0.0,0.0,1,0,1,0.2799018851328188,8.43873466160341,1032
1,1,1,0,9.527,0,0,1,0,0,0,0,0,0,0,0,0.046839030043968,0.0,0.0376785704791829,0.0,0.0,0.5035594472888125,0.0,0.0,0.0,0.0,0.0,0.0,0.0,0.0,0.0,0.0,0.0,0.0,1,1,0,1.977547233998496,5.819005198472624,1032
1,1,1,0,2.313,0,0,0,1,0,0,0,0,0,0,0,0.0,0.0,0.0,0.0,0.0,0.3608936478273314,0.0,0.0,0.011779495036225,0.6273268571364435,0.0,0.0,0.0,0.0,0.0,0.0,0.0,0.0,1,1,0,2.2435779124140134,4.35151587946886,1047
1,0,0,0,185.397,0,1,1,1,0,0,0,0,0,0,0,0.2497139465584865,0.0,0.0,0.0,0.0,0.5874099772992885,0.0,0.0,0.1282376048607667,0.0346384712814582,0.0,0.0,0.0,0.0,0.0,0.0,0.0,0.0,1,1,0,1.6884339186605983,7.640013070480491,1612
1,0,0,0,120.763,0,0,0,0,0,0,0,0,0,0,0,0.3514412177480298,0.0305570549498002,0.1170193241930259,0.0,0.0,0.3128576055273669,0.0,0.0,0.0,0.0,0.0,0.0,0.0,0.1881247975817768,0.0,0.0,0.0,0.0,1,1,0,3.1730412885244017,6.6156701941488745,1050
1,1,1,0,1.211,0,0,0,0,0,0,0,0,0,0,0,0.0,0.0,0.2193943646766705,0.0,0.0322735614811616,0.312857605527367,0.0,0.0,0.0,0.3171758609521753,0.0,0.0,0.0,0.0,0.0,0.0,0.0,0.0305570549498002,1,1,0,3.19134017467368,4.227271605597732,1052
1,0,0,0,300.0,0,0,1,1,0,0,1,0,0,0,0,0.1231187861056703,0.0,0.3068393127215927,0.0370602236382118,0.0,0.3592591674311359,0.0,0.0775481615550541,0.0,0.0,0.0,0.0,0.0,0.0,0.0,0.096174348548335,0.0,0.0,1,0,1,3.433890425608673,9.37245837111212,1053
1,0,0,0,1.092,0,0,1,1,0,0,0,1,0,0,0,0.0433638660963954,0.0365842465627696,0.0,0.0,0.0,0.3934871597187805,0.0,0.0,0.3339452123526136,0.1672877238712361,0.0,0.0,0.0,0.0,0.0,0.0,0.0,0.0,0,0,0,5.703782474656201,6.398075664962722,1720
1,1,1,0,38.018,0,0,0,0,0,0,0,0,0,0,0,0.0,0.0,0.0,0.0,0.0,0.933461081722984,0.0,0.0322735614811616,0.0342653567958544,0.0,0.0,0.0,0.0,0.0,0.0,0.0,0.0,0.0,0,0,0,0.1142211440900228,8.140692728490741,1089
1,1,1,0,23.775,0,0,0,1,0,0,0,0,0,0,0,0.0,0.043960201967571,0.1445718113811456,0.0,0.037087349733894,0.6710955624201372,0.0,0.0,0.0,0.0776049226493977,0.0,0.0,0.0,0.0,0.0,0.0,0.0,0.0,1,1,0,3.4051229996646275,4.894730493451645,1103
1,1,1,0,30.118,0,0,0,1,0,0,0,0,0,0,0,0.0,0.043960201967571,0.1445718113811456,0.0,0.037087349733894,0.6710955624201372,0.0,0.0,0.0,0.0776049226493977,0.0,0.0,0.0,0.0,0.0,0.0,0.0,0.0,1,1,0,3.021400020302569,7.290114831125733,1103
1,1,1,0,35.947,0,0,0,1,0,0,0,0,0,0,0,0.0,0.0367620630122617,0.1059907019497621,0.0,0.1540541973802832,0.607413692527974,0.0,0.0,0.0,0.0,0.0,0.0,0.0,0.0,0.0,0.0,0.0,0.0,1,1,0,3.168634608431454,5.552009521351013,1103
1,1,1,0,13.263000000000002,0,0,0,0,0,0,0,0,0,0,0,0.0322735614811616,0.1906131922703227,0.0,0.0,0.0,0.3434146604771673,0.0,0.0,0.0725197020403756,0.0,0.0,0.0,0.0,0.0952499190327108,0.0,0.0,0.0,0.0,1,1,0,3.2772202018424443,3.548323446552449,1117
1,1,1,0,26.502,0,0,0,0,0,0,0,0,0,0,0,0.0322735614811616,0.1906131922703227,0.0,0.0,0.0,0.3434146604771673,0.0,0.0,0.0725197020403756,0.0,0.0,0.0,0.0,0.0952499190327108,0.0,0.0,0.0,0.0,1,1,0,3.073803808974146,4.419767888582226,1117
1,0,0,0,3.937,0,0,0,0,0,0,0,0,0,0,0,0.0,0.0,0.0,0.0,0.0,0.6740364892583398,0.0,0.0,0.1465831803951203,0.1411259851020188,0.0,0.0,0.0,0.0,0.0,0.0382543452445212,0.0,0.0,1,0,0,3.2219909677683463,8.40142627203093,695
1,0,0,0,6.037999999999999,0,0,0,0,0,0,0,0,0,0,0,0.0,0.0,0.0952499190327108,0.0,0.0,0.6988016841196156,0.0,0.0,0.0,0.2059483968476735,0.0,0.0,0.0,0.0,0.0,0.0,0.0,0.0,0,0,0,4.425529033698241,7.526032350882255,1432
1,1,1,0,10.074,0,0,0,0,0,0,0,1,0,0,0,0.0,0.1983968476735398,0.0,0.0,0.0494872071683039,0.6855770268811402,0.0,0.0,0.0342653567958544,0.0322735614811616,0.0,0.0,0.0,0.0,0.0,0.0,0.0,0.0,0,0,0,4.589233874849737,11.291456273632686,1168
1,1,0,1,3.843,0,0,0,0,0,0,0,1,0,0,0,0.0,0.1983968476735398,0.0,0.0,0.0494872071683039,0.6855770268811402,0.0,0.0,0.0342653567958544,0.0322735614811616,0.0,0.0,0.0,0.0,0.0,0.0,0.0,0.0,1,1,0,2.3099578473234588,3.3418719155773404,1168
1,0,0,0,8.169,0,0,0,0,0,0,0,1,0,0,0,0.0,0.1983968476735398,0.0,0.0,0.0494872071683039,0.6855770268811402,0.0,0.0,0.0342653567958544,0.0322735614811616,0.0,0.0,0.0,0.0,0.0,0.0,0.0,0.0,1,1,0,1.978377339192815,6.06502165327718,1168
1,0,0,0,12.392,0,0,1,1,0,0,0,0,0,0,0,0.0,0.0,0.0,0.0,0.0,0.3595221258699618,0.0,0.0,0.3556204796109517,0.2591772426712321,0.0,0.0,0.0,0.0,0.0,0.0,0.0,0.0,1,0,0,2.5117919785693825,11.918126978340352,1089
1,1,1,0,8.725000000000001,0,1,0,1,0,0,0,0,0,0,0,0.0,0.0,0.3902028206381343,0.0,0.3251588354395028,0.2846383439223628,0.0,0.0,0.0,0.0,0.0,0.0,0.0,0.0,0.0,0.0,0.0,0.0,1,1,0,2.487486652051388,2.9910714286717965,1171
1,1,1,0,15.423000000000002,0,1,0,1,0,0,0,0,0,0,0,0.0130199610455666,0.0,0.0,0.0,0.0,0.4359857084372325,0.043960201967571,0.0,0.1176634783579589,0.3893706501916708,0.0,0.0,0.0,0.0,0.0,0.0,0.0,0.0,1,1,0,2.4204570135889347,5.981310670540791,1223
1,1,1,0,22.727,0,0,0,0,0,0,0,0,1,0,0,0.1948398529027161,0.0,0.0,0.0,0.0,0.4093051307916887,0.0,0.0,0.0710294141194177,0.3136225107947843,0.0,0.0,0.0,0.0,0.0,0.0,0.0,0.0,1,1,0,2.0211501333027315,4.568672162947891,1228
1,1,1,0,7.5470000000000015,0,0,0,0,0,0,0,0,1,0,0,0.1948398529027161,0.0,0.0,0.0,0.0,0.4093051307916887,0.0,0.0,0.0710294141194177,0.3136225107947843,0.0,0.0,0.0,0.0,0.0,0.0,0.0,0.0,1,1,0,2.414215909165231,4.553697928219129,1228
1,1,1,0,6.582000000000002,0,0,0,0,0,0,0,0,1,0,0,0.1948398529027161,0.0,0.0,0.0,0.0,0.4093051307916887,0.0,0.0,0.0710294141194177,0.3136225107947843,0.0,0.0,0.0,0.0,0.0,0.0,0.0,0.0,1,1,0,3.123553644991876,4.297611883531518,1228
1,1,0,1,11.613,0,0,0,1,0,0,0,0,1,1,0,0.0,0.0,0.0515150786108671,0.0,0.0,0.655140681574864,0.0,0.0,0.2507187451131346,0.0,0.0,0.0,0.0,0.0,0.0,0.0,0.0,0.0,0,0,0,1.4424383717379303,8.13604228284584,1253
1,0,0,0,10.005,0,0,0,0,0,0,0,0,0,0,0,0.0342653567958544,0.0,0.0675321170247219,0.0,0.092874878549066,0.7747705926805571,0.0,0.0,0.0,0.0,0.0,0.0,0.0,0.0,0.0,0.0,0.0,0.0,0,0,0,3.7310525355051327,4.968270443318486,1328
1,1,1,0,9.264,0,0,0,0,0,0,0,0,0,0,0,0.0,0.0,0.0,0.0,0.0,0.3128576055273671,0.0,0.0,0.0,0.0,0.0,0.0952499190327108,0.0,0.0,0.0,0.0,0.0,0.0,1,1,0,1.0838370030859554,6.157883237643355,1328
1,0,0,0,6.9190000000000005,0,0,0,0,0,0,0,0,0,0,0,0.0,0.0,0.0,0.0,0.0,0.6740364892583397,0.0,0.0,0.1465831803951202,0.1411259851020187,0.0,0.0,0.0,0.0,0.0,0.0382543452445211,0.0,0.0,0,0,0,2.375463738406618,6.721649772070341,695
1,1,1,0,14.899,0,0,0,0,0,0,0,0,0,0,0,0.1411259851020188,0.0,0.0,0.0,0.0,0.7923350966209652,0.0,0.0,0.0,0.066538918277016,0.0,0.0,0.0,0.0,0.0,0.0,0.0,0.0,0,0,0,4.361556034333373,5.6733060848932935,1328
1,1,1,0,19.23,0,0,0,0,0,0,0,0,0,0,0,0.0,0.0,0.0,0.0,0.0,0.9433876713807624,0.0,0.0,0.0223469718233833,0.0,0.0,0.0,0.0,0.0,0.0,0.0,0.0,0.0,1,1,0,3.227042387534594,8.516805316202372,1373
1,0,0,0,300.0,0,0,0,0,0,0,0,0,0,0,1,0.3174662668665667,0.0,0.0410225921521996,0.0,0.2669570387220182,0.3745541022592154,0.0,0.0,0.0,0.0,0.0,0.0,0.0,0.0,0.0,0.0,0.0,0.0,1,1,0,1.7611284256745328,3.966208114486226,1385
1,0,0,0,7.5870000000000015,0,1,0,0,0,0,0,0,0,0,0,0.0322735614811616,0.0494872071683039,0.0,0.0,0.0,0.8283601425024291,0.067532117024722,0.0,0.0,0.0,0.0,0.0,0.0,0.0,0.0,0.0,0.0,0.0,0,0,0,1.924686512603687,2.960830221544726,1399
1,1,1,0,3.85,0,0,1,0,0,0,0,0,0,0,0,0.1884513347262761,0.0337496211939964,0.0,0.0618849386733017,0.0376785704791829,0.6782355349272428,0.0,0.0,0.0,0.0,0.0,0.0,0.0,0.0,0.0,0.0,0.0,0.0,0,0,0,1.1049256507247018,1.9910200800789328,1399
1,0,0,0,6.285,0,1,0,1,0,0,0,0,0,0,0,0.0393762328333766,0.0776049226493976,0.0,0.0,0.0,0.5887267855149058,0.0,0.0,0.0351148163310878,0.2591772426712321,0.0,0.0,0.0,0.0,0.0,0.0,0.0,0.0,0,0,0,-1.8325814637483104,6.277477727734177,1399
1,0,0,0,20.762,0,1,1,1,0,0,0,0,0,0,0,0.1826229618347966,0.2768993012005017,0.0,0.0,0.0,0.324538613151765,0.0700535298333631,0.0,0.0,0.0,0.0,0.0,0.0,0.011753046049095,0.0,0.1341325479304782,0.0,0.0,0,0,0,2.2269991060374505,4.855376222451896,1399
1,0,0,0,9.4,0,0,0,0,0,0,0,0,0,0,0,0.067532117024722,0.0,0.0322735614811616,0.0,0.0305570549498002,0.3128576055273671,0.0,0.0,0.0,0.5567796610169491,0.0,0.0,0.0,0.0,0.0,0.0,0.0,0.0,0,0,0,1.025683108645352,3.4705679595868264,1406
1,1,1,0,7.977,0,1,0,1,0,0,0,0,0,0,0,0.0,0.0,0.043960201967571,0.0,0.0,0.420317094048904,0.0,0.0,0.3486607862840695,0.1870619176994554,0.0,0.0,0.0,0.0,0.0,0.0,0.0,0.0,1,1,0,2.43545376606847,4.4323275618279085,1409
1,1,1,0,4.862,0,0,0,1,0,0,0,0,1,0,0,0.0,0.0,0.0172574598433355,0.0,0.0,0.3533176872199703,0.0,0.0,0.4306074552714193,0.1988173976652748,0.0,0.0,0.0,0.0,0.0,0.0,0.0,0.0,1,1,0,2.180643422188804,4.097888275845466,1409
1,1,1,0,5.300000000000002,0,0,0,0,0,0,0,0,0,0,0,0.1906131922703227,0.0,0.0342653567958544,0.0,0.0,0.4814746842275721,0.0,0.0,0.0,0.1760498758501565,0.0,0.0,0.0,0.0,0.0223469718233833,0.0952499190327108,0.0,0.0,1,1,0,0.9317703027225416,5.242228380666108,1412
1,1,1,0,8.362,0,0,0,1,0,0,0,0,0,0,0,0.0,0.0,0.0,0.0,0.1161623680325529,0.883837631967447,0.0,0.0,0.0,0.0,0.0,0.0,0.0,0.0,0.0,0.0,0.0,0.0,0,0,0,1.3586661940024167,11.139914192602555,1430
1,1,1,0,1.967,0,0,0,1,0,0,0,0,0,0,0,0.0260189171354051,0.0,0.1109009207177199,0.0,0.0355780410394997,0.4428935046978601,0.0,0.0,0.0,0.3447129434685604,0.0,0.0,0.0,0.0,0.0,0.0,0.0,0.0,1,1,0,2.265298508208029,3.635742355700808,1432
1,0,0,0,300.0,0,0,1,1,0,0,0,0,0,0,0,0.0,0.0,0.0833364348009477,0.0,0.0,0.3982222387633828,0.0,0.0,0.5184413264356694,0.0,0.0,0.0,0.0,0.0,0.0,0.0,0.0,0.0,1,1,0,3.0430928449138284,6.860204446523804,266
1,0,0,0,37.304,0,0,0,1,0,0,0,0,1,0,0,0.0,0.0,0.0752487038529549,0.0,0.0170273423873163,0.3486064163789683,0.0,0.0,0.4509268503927536,0.1081906869880068,0.0,0.0,0.0,0.0,0.0,0.0,0.0,0.0,1,1,0,2.29696935420841,3.7903072467440495,1453
1,1,1,0,0.4029999999999999,0,0,1,0,0,0,0,0,0,0,0,0.3252505640691925,0.0,0.1045354896867348,0.0,0.0,0.5162393253572438,0.0,0.0,0.0,0.0,0.0,0.0,0.0,0.0,0.0,0.0,0.0,0.0,1,1,0,1.0338959739484186,8.194598573648264,1465
1,0,0,0,14.526000000000002,0,1,1,1,0,0,0,0,0,0,0,0.0560970684876186,0.0,0.0,0.0,0.0,0.3674884201895602,0.0,0.0,0.5375724311789074,0.0388420801439138,0.0,0.0,0.0,0.0,0.0,0.0,0.0,0.0,0,0,0,0.2445135770504021,3.3504653332553818,1360
1,0,0,0,106.645,0,0,0,0,0,0,0,0,0,0,0,0.0,0.0,0.0,0.0,0.0,0.8372179639425672,0.0,0.0,0.0,0.1627820360574328,0.0,0.0,0.0,0.0,0.0,0.0,0.0,0.0,1,1,0,3.0281994636914926,3.518209750060429,1549
1,1,1,0,4.138999999999999,0,0,0,0,0,0,0,1,0,0,0,0.0,0.0342653567958544,0.0,0.0,0.6223199827269783,0.3434146604771673,0.0,0.0,0.0,0.0,0.0,0.0,0.0,0.0,0.0,0.0,0.0,0.0,1,1,0,2.087781665954837,2.937414364229476,1549
1,1,1,0,10.313,0,0,0,0,0,0,0,0,0,0,0,0.0,0.0,0.0,0.0,0.0,0.6773669437547231,0.0,0.0,0.210315232646011,0.0628306164309619,0.0,0.0,0.0,0.0,0.0,0.0,0.0,0.0,1,1,0,2.92030805090715,5.585186608742792,1549
1,1,1,0,6.2730000000000015,0,0,0,0,0,0,0,0,0,0,0,0.0,0.0,0.0,0.0,0.0,0.6773669437547231,0.0,0.0,0.210315232646011,0.0628306164309619,0.0,0.0,0.0,0.0,0.0,0.0,0.0,0.0,1,1,0,1.8190503294639584,4.3714332220879735,1549
1,0,0,0,17.612000000000005,0,0,1,1,0,0,1,0,0,0,0,0.2477681712771751,0.0,0.0,0.0,0.0560970684876186,0.5881625884930031,0.0,0.1079721717422031,0.0,0.0,0.0,0.0,0.0,0.0,0.0,0.0,0.0,0.0,1,1,0,2.2873699271875654,7.513621409830396,1549
1,1,1,0,3.722,0,0,0,1,0,0,0,0,0,0,0,0.0352300648742288,0.0,0.0,0.0,0.1921773818151821,0.4693629833896048,0.0,0.0,0.0,0.0,0.0,0.0,0.0,0.3032295699209841,0.0,0.0,0.0,0.0,1,1,0,3.403261915711034,4.9089199784687,1619
1,1,1,0,9.505,0,0,0,1,0,0,0,0,0,0,0,0.0352300648742288,0.0,0.0,0.0,0.1921773818151821,0.4693629833896048,0.0,0.0,0.0,0.0,0.0,0.0,0.0,0.3032295699209841,0.0,0.0,0.0,0.0,1,1,0,1.314261158220059,4.246579121748519,1619
1,0,0,0,2.402,0,0,1,0,0,0,0,0,0,0,0,0.0,0.0,0.0,0.0,0.0,0.3093526331801516,0.0,0.0,0.6098025715337934,0.0489327974636926,0.0,0.0,0.0,0.0,0.0,0.0,0.0,0.0,1,1,0,0.9884253296333544,7.9203524215305405,1666
1,0,0,0,3.606,0,0,0,1,0,0,0,0,0,0,0,0.0,0.0,0.2023087324922153,0.0,0.0,0.6757663726475369,0.0,0.0,0.0,0.0962447430123933,0.0,0.0,0.0,0.0,0.0,0.0,0.0,0.0,1,0,1,3.4097275626655303,8.184426440993406,1709
1,1,1,0,12.49,0,1,0,0,0,0,0,0,0,0,0,0.2066069307999569,0.0,0.0,0.0,0.0,0.7367807405808054,0.0,0.0,0.0,0.0,0.0,0.0,0.0,0.0,0.0,0.0223469718233833,0.0,0.0,0,0,0,3.711276751555975,8.003250046560607,1713
1,0,0,0,211.775,0,0,0,1,0,0,0,0,0,0,0,0.0,0.1094569950500577,0.0,0.0,0.0,0.8534556552160483,0.0,0.0,0.0,0.037087349733894,0.0,0.0,0.0,0.0,0.0,0.0,0.0,0.0,1,1,0,1.7530186409116244,4.1441976533479625,1724
1,1,1,0,5.772,0,0,0,1,0,0,0,0,0,0,0,0.0,0.1094569950500577,0.0,0.0,0.0,0.8534556552160483,0.0,0.0,0.0,0.037087349733894,0.0,0.0,0.0,0.0,0.0,0.0,0.0,0.0,1,1,0,2.720571481655882,4.27957854046309,1724
1,1,1,0,5.479,0,0,0,0,0,0,0,0,0,0,0,0.0,0.0,0.0,0.0,0.0,1.0,0.0,0.0,0.0,0.0,0.0,0.0,0.0,0.0,0.0,0.0,0.0,0.0,1,1,0,2.1482677326096886,3.3927619028410536,1724
1,1,1,0,12.592,0,0,0,0,0,0,0,0,0,0,0,0.0,0.0,0.0,0.0,0.0,1.0,0.0,0.0,0.0,0.0,0.0,0.0,0.0,0.0,0.0,0.0,0.0,0.0,1,1,0,2.146048235173818,3.141692358997525,1724
1,1,1,0,10.679,0,0,0,0,0,0,0,0,0,0,0,0.0223469718233833,0.0,0.0,0.0,0.0,0.907125121450934,0.0,0.0,0.0,0.0705279067256828,0.0,0.0,0.0,0.0,0.0,0.0,0.0,0.0,1,1,0,3.1938861681645947,4.765390976786879,1724
1,0,0,0,24.798,0,1,0,1,0,0,0,0,0,0,0,0.0,0.0,0.0,0.0,0.0,0.5109058491796069,0.0,0.0,0.3947705333930269,0.0,0.0,0.0,0.0,0.0,0.0,0.0,0.0,0.0,1,1,0,-0.1427163022015951,6.849728841459789,57
1,0,0,0,5.631,0,0,0,0,0,0,0,0,0,0,0,0.0,0.0,0.0,0.0,0.0800442621181042,0.3471229623232215,0.0,0.0,0.3262549929828349,0.2465777825758394,0.0,0.0,0.0,0.0,0.0,0.0,0.0,0.0,1,1,0,0.8467262684882461,6.474686675772882,1463
1,0,0,0,1.3390000000000002,0,0,1,1,0,0,0,0,0,0,0,0.0514530011111738,0.0,0.0575550407744316,0.0,0.0,0.3638623651053733,0.0,0.0,0.0530287335756569,0.3940712281296496,0.0,0.0800296313037145,0.0,0.0,0.0,0.0,0.0,0.0,0,0,0,1.2742448573112677,5.374894074578399,372
1,0,0,0,5.004,0,0,1,0,0,0,0,0,0,0,0,0.2125392625803173,0.0815293182321738,0.038962816218541,0.0,0.0597442881905978,0.5610410937479636,0.0,0.0,0.0,0.0,0.0,0.0,0.0,0.0,0.0,0.0,0.0461832210304064,0.0,1,1,0,1.778167515708588,6.729587483365163,169
1,0,0,0,300.0,0,0,1,1,1,0,0,0,0,0,0,0.0386966990764728,0.0432015605474107,0.0252369776585692,0.0,0.0,0.3533176872199703,0.0,0.0,0.3256606418970405,0.1838337041665397,0.0,0.0,0.0,0.0,0.0,0.0,0.0,0.0,1,1,0,1.3026409761226372,11.342947503578886,1171
1,0,0,0,4.891,0,0,0,1,0,0,0,0,0,0,0,0.0,0.038700112893421,0.0,0.0,0.0,0.3595221258699618,0.0,0.0,0.6017777612366172,0.0,0.0,0.0,0.0,0.0,0.0,0.0,0.0,0.0,1,1,0,2.449279472144849,4.012302635218484,1453
1,0,0,0,4.3340000000000005,1,1,0,0,0,0,0,0,0,0,0,0.0,0.0319119978223624,0.0,0.0,0.0667755485458398,0.4182078256181983,0.0,0.0,0.2794634898777213,0.2036411381358781,0.0,0.0,0.0,0.0,0.0,0.0,0.0,0.0,0,0,0,0.6429059641231986,5.085526292937882,288
1,1,1,0,2.446,0,1,0,1,0,0,0,0,0,0,0,0.0,0.0380648611482485,0.0,0.0,0.0,0.6217578975514727,0.0,0.0,0.214472159619033,0.013363128207087,0.0,0.0,0.0,0.0,0.0,0.0,0.0,0.0,0,0,0,0.9170904120447192,5.669453245332575,288
1,1,1,0,6.363,0,0,0,1,0,0,0,0,0,0,0,0.0,0.0,0.0,0.0,0.0,0.5417589448299622,0.0,0.0,0.2697194040764097,0.1240640357722891,0.0,0.0,0.0,0.0,0.0,0.0,0.0,0.0,0,0,0,1.6825024832911055,7.653263383809978,288
1,1,1,0,5.8900000000000015,0,0,0,0,0,0,0,0,0,0,0,0.0,0.0,0.1017974738205764,0.0,0.0,0.493285112814423,0.0,0.0,0.0,0.0877415524128251,0.0,0.0,0.0,0.0,0.0,0.0,0.0,0.0,0,0,0,1.0598714603516792,5.401482975158794,1328
1,0,0,0,24.953000000000007,0,0,0,0,0,0,0,0,0,0,0,0.0,0.0,0.0,0.0,0.0,1.0,0.0,0.0,0.0,0.0,0.0,0.0,0.0,0.0,0.0,0.0,0.0,0.0,1,1,0,2.30028244393137,8.283425402224522,1612
1,1,1,0,32.585,0,0,0,1,0,0,0,0,0,0,0,0.0,0.0,0.103285074497252,0.0,0.2944037118364409,0.3595221258699618,0.0,0.1094569950500577,0.0568685101790166,0.0393762328333766,0.0,0.0,0.0,0.0,0.0,0.0,0.0,0.0,1,1,0,1.9945642495467344,6.939898118362922,908
1,1,1,0,0.297,0,0,0,1,0,0,0,0,0,0,0,0.0,0.0,0.0,0.0,0.0,0.3595221258699618,0.0,0.0,0.4010817919039287,0.2393960822261094,0.0,0.0,0.0,0.0,0.0,0.0,0.0,0.0,1,1,0,2.1232191640257234,5.199474453985057,462
1,0,0,0,97.075,0,1,1,0,1,1,0,0,0,0,0,0.2176853694053137,0.1266181984990158,0.0,0.0,0.0,0.4371416227057186,0.0,0.0,0.0,0.0489019986451671,0.1394571067384265,0.0,0.0,0.0,0.0,0.0,0.0,0.0,1,1,0,2.942278752819901,7.618074178050402,731
1,0,0,0,300.0,0,1,0,1,0,0,0,0,1,0,0,0.0309213671128106,0.0,0.0,0.0,0.0,0.905652485659656,0.0,0.0,0.0,0.0,0.0,0.0,0.0,0.0,0.0,0.0,0.0,0.0,1,1,0,2.8927577979261616,5.832509846428739,571
1,1,1,0,25.764000000000006,0,0,0,1,0,0,0,0,0,0,0,0.0,0.0944576856285108,0.0,0.0,0.0,0.5431018118158234,0.0,0.0,0.0398008900887979,0.0147574754100664,0.0,0.0,0.0,0.0,0.0,0.0,0.0,0.0,1,1,0,2.8057212282756563,6.310754292305705,571
1,1,1,0,6.591,0,0,0,0,0,0,0,0,0,0,0,0.0952499190327108,0.0,0.0,0.0,0.0,0.5533088632192594,0.0,0.0,0.0,0.3514412177480298,0.0,0.0,0.0,0.0,0.0,0.0,0.0,0.0,0,0,0,1.908059924924216,7.272672660510711,592
1,0,0,0,12.505,0,1,0,0,0,0,0,0,0,0,0,0.1614357251795274,0.0,0.0,0.0,0.0,0.5542225213487865,0.0,0.0,0.0437596092693559,0.2405821442023303,0.0,0.0,0.0,0.0,0.0,0.0,0.0,0.0,0,0,0,2.534331533115523,5.687741164728624,592
1,0,0,0,2.776,0,1,0,0,0,0,0,0,0,0,0,0.1614357251795274,0.0,0.0,0.0,0.0,0.5542225213487865,0.0,0.0,0.0437596092693559,0.2405821442023303,0.0,0.0,0.0,0.0,0.0,0.0,0.0,0.0,1,1,0,2.462064407539368,4.523916745673498,592
1,0,0,0,10.615,0,1,0,0,0,0,0,0,0,0,0,0.1614357251795274,0.0,0.0,0.0,0.0,0.5542225213487865,0.0,0.0,0.0437596092693559,0.2405821442023303,0.0,0.0,0.0,0.0,0.0,0.0,0.0,0.0,0,0,0,1.021011042644558,4.799815492470878,592
1,1,0,1,300.0,0,0,0,1,0,0,0,1,0,0,0,0.0,0.0,0.0596241890721393,0.0,0.0,0.3748740520761522,0.0,0.0,0.4114475614714252,0.1540541973802832,0.0,0.0,0.0,0.0,0.0,0.0,0.0,0.0,1,1,0,1.352996075718376,7.331051136872739,592
1,1,1,0,114.134,0,0,0,0,0,0,0,0,0,0,0,0.0,0.0,0.0,0.0,0.0,0.4397029593639576,0.0,0.0,0.2358712455830387,0.3244257950530035,0.0,0.0,0.0,0.0,0.0,0.0,0.0,0.0,1,1,0,1.7879187698421173,3.376392262743184,592
1,1,1,0,54.44600000000001,0,1,0,0,0,0,0,0,0,0,0,0.0,0.0,0.0,0.0,0.02469960743136,0.5500912811578985,0.0,0.0,0.0746417363704702,0.3505673750402711,0.0,0.0,0.0,0.0,0.0,0.0,0.0,0.0,1,1,0,2.2235418856535927,7.864669969768791,592
1,0,0,0,6.605,0,0,0,0,0,0,0,0,0,0,0,0.0,0.0,0.0606013170679044,0.0,0.0,0.646329482888913,0.0,0.0,0.1760498758501565,0.1170193241930259,0.0,0.0,0.0,0.0,0.0,0.0,0.0,0.0,0,0,0,2.338820585576141,4.283531387924783,592
1,0,0,0,150.32000000000005,0,0,0,0,0,0,0,0,0,0,0,0.0,0.0,0.0606013170679044,0.0,0.0,0.646329482888913,0.0,0.0,0.1760498758501565,0.1170193241930259,0.0,0.0,0.0,0.0,0.0,0.0,0.0,0.0,0,0,0,1.887826937974289,6.51484157145596,592
1,0,0,0,29.06,0,0,0,0,0,0,0,0,0,0,0,0.0,0.0,0.0,0.0,0.0,0.7470445903905981,0.0,0.0398956729409545,0.1109009207177199,0.1021588159507274,0.0,0.0,0.0,0.0,0.0,0.0,0.0,0.0,1,1,0,1.6270813476066956,9.080471635060192,592
1,0,0,0,5.647,0,0,0,1,0,0,0,0,0,0,0,0.0,0.0,0.0314025472619153,0.0,0.0,0.3567276116091241,0.0,0.0,0.5139844235377651,0.0978854175911955,0.0,0.0,0.0,0.0,0.0,0.0,0.0,0.0,0,0,0,1.6524974018945475,9.020401638007986,592
0,0,0,0,26.021,0,0,0,0,0,0,0,0,0,0,0,0.0974271201413427,0.7252098056537103,0.0,0.0,0.1443518109540636,0.0,0.0,0.0,0.0,0.0,0.0330112632508833,0.0,0.0,0.0,0.0,0.0,0.0,0.0,0,0,0,-0.0242926925690445,7.059259316682764,616
0,0,0,0,9.293,0,0,0,1,0,0,0,0,0,0,0,0.0735497395918633,0.0,0.0,0.0,0.0,0.9264502604081366,0.0,0.0,0.0,0.0,0.0,0.0,0.0,0.0,0.0,0.0,0.0,0.0,0,0,0,2.203979489239924,2.778384394836358,619
0,0,0,0,3.814,0,0,0,0,0,0,0,0,0,0,0,0.0,0.0,0.0,0.0,0.0,1.0,0.0,0.0,0.0,0.0,0.0,0.0,0.0,0.0,0.0,0.0,0.0,0.0,0,0,0,4.581502298187889,11.190799045280045,1395
0,1,1,0,77.35300000000002,0,0,1,1,0,0,1,0,0,0,0,0.1633630963407555,0.0,0.0,0.0,0.0,0.8016808071826411,0.0,0.0349560964766033,0.0,0.0,0.0,0.0,0.0,0.0,0.0,0.0,0.0,0.0,1,1,0,2.570243013614899,11.13192878822814,690
0,1,1,0,7.396000000000001,0,0,0,0,0,0,0,1,0,0,0,0.0,0.0,0.0,0.0,0.0,0.81992601590106,0.0,0.0,0.0,0.1800739840989399,0.0,0.0,0.0,0.0,0.0,0.0,0.0,0.0,1,1,0,2.7239235502585,7.3510998165092065,695
0,0,0,0,6.1690000000000005,0,0,0,0,0,0,0,0,0,0,0,0.5330940812720849,0.0,0.0,0.0,0.0,0.3225541077738515,0.0,0.0,0.0,0.1443518109540636,0.0,0.0,0.0,0.0,0.0,0.0,0.0,0.0,0,0,0,1.5503246479415935,6.846719947836171,759
0,1,1,0,12.451,0,0,0,0,0,0,0,0,0,0,0,0.0506183745583038,0.0,0.0312555212014134,0.0,0.0350485865724381,0.216491828621908,0.0,0.0,0.1665028710247349,0.5000828180212015,0.0,0.0,0.0,0.0,0.0,0.0,0.0,0.0,1,1,0,1.9497598722100609,3.394877452917336,759
0,1,1,0,10.873,0,0,1,1,0,0,1,0,0,0,0,0.5463784585852997,0.2431358232595933,0.0,0.0,0.0,0.0736673516613574,0.0417297195447238,0.02437717495628,0.0,0.0,0.0,0.0,0.0,0.0,0.0,0.0707114719927456,0.0,0.0,1,1,0,2.1848145572595383,3.569307318973092,761
0,0,0,0,35.811,0,0,1,1,0,0,0,0,0,0,0,0.0986776094059532,0.0,0.0,0.0,0.0,0.9013223905940468,0.0,0.0,0.0,0.0,0.0,0.0,0.0,0.0,0.0,0.0,0.0,0.0,0,0,0,2.022077224290265,6.109978426743942,764
0,0,0,0,73.699,0,0,0,1,0,0,0,0,0,0,0,0.0600609256772249,0.0,0.0,0.0,0.0,0.1106357889220085,0.0,0.0,0.0391693144223525,0.7901339709784141,0.0,0.0,0.0,0.0,0.0,0.0,0.0,0.0,1,1,0,2.66116821520208,3.5453843019746527,777
0,1,1,0,16.230999999999998,0,0,0,1,0,0,0,1,0,0,0,0.0,0.0,0.0141515598454156,9.334802008849403e-05,0.3607838744406902,0.0884192446278213,0.0,0.0,0.4584383498559326,8.712481874926109e-05,0.0,0.0,0.0,0.0,0.0,0.0,0.0,0.0,0,0,0,2.013835784581842,6.153910723959347,784
0,0,0,0,39.011,0,0,0,1,0,0,0,0,0,0,0,0.0,0.0,0.2106804920830002,0.0,0.0,0.0378727313947521,0.0,0.0,0.0,0.7514467765222477,0.0,0.0,0.0,0.0,0.0,0.0,0.0,0.0,1,1,0,2.459246903007423,9.486101041037005,802
0,0,0,0,300.0,0,0,0,0,0,0,0,0,0,0,0,0.4234829941913566,0.0,0.0,0.0,0.0,0.3561757936652905,0.0,0.0,0.0,0.2203412121433529,0.0,0.0,0.0,0.0,0.0,0.0,0.0,0.0,1,1,0,2.4358914603022708,5.635721311851028,592
0,1,1,0,7.615,0,0,0,0,0,0,0,0,0,0,0,0.0,0.0,0.0,0.0,0.0,0.0,0.0,0.0,0.0,0.5643496024734984,0.0,0.0,0.0,0.0,0.0,0.0,0.0,0.0,1,0,1,1.5351453078522457,7.245060026113148,802
0,1,1,0,5.3180000000000005,1,0,0,0,0,0,0,0,0,0,0,0.0,0.0,0.0,0.0,0.0,0.6869371209502563,0.0,0.0,0.2084152971121515,0.1046475819375922,0.0,0.0,0.0,0.0,0.0,0.0,0.0,0.0,1,1,0,3.4789914091021754,5.9628644351759945,830
0,1,1,0,16.484,1,0,0,0,0,0,0,0,0,0,0,0.0,0.0,0.0,0.0,0.0,0.6869371209502563,0.0,0.0,0.2084152971121515,0.1046475819375922,0.0,0.0,0.0,0.0,0.0,0.0,0.0,0.0,1,1,0,1.671097292820828,3.1564896524321053,830
0,0,0,0,28.657,0,0,1,1,0,1,0,0,0,0,0,0.1235333650695864,0.0,0.0,0.0,0.0,0.784996219652208,0.0,0.0,0.0,0.0,0.0914704152782055,0.0,0.0,0.0,0.0,0.0,0.0,0.0,1,1,0,1.8500283773520307,6.098218092049822,841
0,1,1,0,12.325,0,0,0,0,0,0,0,0,1,0,0,0.0494872071683039,0.0,0.0305570549498002,0.511254453200907,0.0,0.1275234805138724,0.0,0.0,0.0,0.0,0.0342653567958544,0.0,0.0,0.0,0.0,0.0,0.0,0.0,0,0,0,5.480576421388785,11.002805408899466,853
0,0,0,0,300.0,0,0,1,1,1,0,0,1,0,0,0,0.0,0.0,0.0,0.0,0.0,0.0,0.0,0.0,1.0,0.0,0.0,0.0,0.0,0.0,0.0,0.0,0.0,0.0,1,1,0,5.3380956165564495,8.605679413620127,1612
0,0,0,0,2.6060000000000003,0,0,0,1,0,0,0,0,0,0,0,0.0,0.0,0.0,0.0,0.0,0.0,0.0,0.0,0.9728782469127716,0.0,0.0,0.0,0.0,0.0,0.0,0.0,0.0,0.0,0,0,0,2.182110939526172,5.792797121537923,900
0,1,1,0,12.732,0,0,0,1,0,0,0,0,0,0,0,0.0,0.0,0.0,0.0,0.2283580130538022,0.1716205090266922,0.0,0.0,0.5643502332740702,0.0356712446454353,0.0,0.0,0.0,0.0,0.0,0.0,0.0,0.0,1,1,0,1.8330613485851608,4.350394058649106,908
0,0,0,0,3.2060000000000004,0,0,0,0,0,0,0,0,0,0,0,0.0,0.0,0.0,0.0,0.0,0.0,0.0,0.0,0.0,0.0,0.0,0.0,0.0,0.0,1.0,0.0,0.0,0.0,0,0,0,2.782229599276462,5.297006507747936,936
0,1,1,0,29.756,0,0,0,0,1,0,0,0,0,0,0,0.0,0.0312555212014134,0.0350485865724381,0.0,0.0,0.1020870141342756,0.0,0.0,0.780990503533569,0.0506183745583038,0.0,0.0,0.0,0.0,0.0,0.0,0.0,0.0,1,1,0,3.645658751659373,7.033221611263731,948
0,1,1,0,42.494,0,0,0,0,0,0,1,0,0,0,0,0.0,0.0,0.0,0.0,0.900684628975265,0.0680598498233214,0.0,0.0312555212014134,0.0,0.0,0.0,0.0,0.0,0.0,0.0,0.0,0.0,0.0,1,1,0,2.241347783522856,8.770218910159562,952
0,1,1,0,9.942,0,0,0,0,0,0,0,0,0,0,0,0.0,0.0,0.0,0.0,0.9278599823321556,0.0721400176678444,0.0,0.0,0.0,0.0,0.0,0.0,0.0,0.0,0.0,0.0,0.0,0.0,0,0,0,-2.120263536200091,8.077814359144513,952
0,1,1,0,10.073,0,0,0,1,0,0,0,0,0,0,0,0.0,0.0,0.0,0.0,0.3111077435975148,0.6888922564024852,0.0,0.0,0.0,0.0,0.0,0.0,0.0,0.0,0.0,0.0,0.0,0.0,1,1,0,1.9744976059072257,5.373795827723942,952
0,1,1,0,7.122000000000001,0,0,0,0,0,0,0,0,0,0,0,0.0,0.0,0.0,0.0,0.8567469081272086,0.0741773409893992,0.0,0.0,0.0,0.0,0.0,0.0,0.0,0.0,0.0,0.0,0.0,0.0,0,0,0,1.7291745940364338,6.163180058114712,952
0,1,1,0,15.526000000000002,0,0,0,0,0,0,0,0,0,0,0,0.0,0.0,0.0,0.0,0.8490503533568904,0.0818738957597173,0.0,0.0,0.0,0.0,0.0,0.0,0.0,0.0,0.0,0.0,0.0,0.0,1,1,0,3.3435329574676174,7.467640173562261,952
0,1,1,0,25.152,0,0,0,0,0,0,0,0,0,0,0,0.0,0.0,0.0,0.0,0.8490503533568904,0.0818738957597173,0.0,0.0,0.0,0.0,0.0,0.0,0.0,0.0,0.0,0.0,0.0,0.0,1,1,0,2.7425160379834885,4.407182554555,952
0,1,1,0,17.168000000000006,0,0,0,0,0,0,0,0,0,0,0,0.0,0.0,0.0,0.0,0.2307696554770318,0.304869699646643,0.0,0.0,0.3200088339222616,0.0,0.0,0.0,0.0,0.0,0.0,0.0,0.0,0.0,1,1,0,3.050220458838061,8.996467093595491,952
0,1,1,0,19.671000000000006,0,0,0,0,0,0,0,0,0,0,0,0.0,0.0,0.0,0.0,0.964951413427562,0.0350485865724381,0.0,0.0,0.0,0.0,0.0,0.0,0.0,0.0,0.0,0.0,0.0,0.0,1,1,0,1.213427963096691,5.279307824676455,952
0,1,1,0,10.137,0,0,0,0,0,0,0,0,0,0,0,0.0,0.0,0.0,0.0,0.0,0.0,0.0,0.0,0.6072714222614841,0.0818738957597173,0.0,0.0,0.0,0.0,0.0,0.0,0.0,0.0,1,0,1,2.7899373605743945,10.151790378268846,958
0,0,0,0,2.728,0,0,0,1,0,0,0,0,0,0,0,0.02469960743136,0.0,0.0,0.0,0.3457945040390421,0.5548641521591274,0.0,0.0,0.0,0.0,0.0,0.0,0.0,0.0,0.0,0.0,0.0,0.0,0,0,0,4.652750094283718,8.466111032632734,979
0,0,0,0,11.909,0,0,0,0,0,0,0,0,0,0,0,0.0,0.1020870141342756,0.0,0.0,0.0,0.6827904151943464,0.0,0.0,0.0,0.0,0.0,0.0,0.0,0.0,0.0,0.0,0.0,0.0,1,0,1,2.875934710098395,8.644497687095953,979
0,1,1,0,17.987000000000005,0,0,0,0,0,0,0,0,0,0,0,0.0,0.0,0.0,0.0,0.0,0.0350485865724381,0.0,0.0,0.8345130300353357,0.1304383833922261,0.0,0.0,0.0,0.0,0.0,0.0,0.0,0.0,1,1,0,1.94218894825346,6.769866980239983,986
0,1,1,0,34.45,0,0,0,0,0,0,0,0,0,0,0,0.0,0.1365558745583038,0.0,0.0,0.0,0.0350485865724381,0.0,0.0,0.2464388250883391,0.0312555212014134,0.0,0.0,0.0,0.0,0.0,0.0,0.0,0.0,1,1,0,2.669378670453941,4.038197401599099,997
0,1,1,0,16.726000000000006,0,0,0,0,0,0,0,0,0,0,0,0.0,0.0,0.0,0.0,0.0,0.0663041077738515,0.0,0.0,0.0330112632508833,0.7135103798586573,0.0,0.0,0.0,0.0,0.0,0.0,0.0,0.0,1,1,0,3.206843728644362,3.8640295238228672,997
0,1,1,0,14.937,0,0,0,0,0,0,0,0,0,0,0,0.0,0.0,0.0642667844522968,0.0,0.0,0.0,0.0,0.0,0.3591375883392226,0.3108546819787985,0.0,0.0506183745583038,0.0,0.0,0.0,0.0,0.0,0.0,0,0,0,1.377001314208298,4.423120592208844,1007
0,0,0,0,7.598000000000001,0,0,1,0,0,0,0,0,0,0,0,0.0,0.0,0.2328069787985865,0.0,0.0,0.1443518109540636,0.0,0.0,0.0,0.5000828180212016,0.0,0.0,0.0,0.0,0.0,0.0,0.0,0.0,0,0,0,1.2377943528014468,4.89254221037994,1032
0,1,1,0,7.225,0,0,1,1,0,0,0,0,0,0,0,0.0816453240201785,0.0,0.0978213869948445,0.0,0.0,0.2010310992848827,0.0,0.0,0.0,0.0351904207550307,0.0,0.0,0.0,0.0,0.0,0.0,0.0,0.0,1,1,0,2.923484109346367,6.021969503546191,1032
0,1,1,0,8.453000000000001,0,0,0,1,0,0,0,0,0,0,0,0.0,0.0,0.0,0.0,0.0,0.0,0.0,0.0,0.0,1.0,0.0,0.0,0.0,0.0,0.0,0.0,0.0,0.0,1,1,0,1.6616507838810348,4.184170031492801,1047
0,0,0,0,9.869,0,0,1,1,0,0,0,0,0,0,0,0.3885846753884104,0.0,0.0,0.0,0.0,0.2158437834975655,0.0,0.0,0.2906071211788559,0.104964419935168,0.0,0.0,0.0,0.0,0.0,0.0,0.0,0.0,0,0,0,4.329232214160064,4.521016539974663,1047
0,1,1,0,12.992,0,0,0,0,0,0,0,0,0,0,0,0.0974271201413427,0.0690757508833922,0.5000828180212015,0.0,0.0,0.0,0.0,0.0,0.0,0.0,0.0,0.0,0.0,0.3334143109540635,0.0,0.0,0.0,0.0,0,0,0,3.042234107205411,7.391375159889638,1050
0,1,1,0,24.321,0,0,0,0,0,0,0,0,0,0,0,0.0,0.0,0.3438659452296819,0.0,0.0,0.0312555212014134,0.0,0.0,0.0,0.4056757950530035,0.0,0.0,0.0,0.0,0.0,0.0391287544169611,0.0,0.0,0,0,0,1.227884624372249,6.800626534261662,1052
0,0,0,0,4.599,0,0,1,1,0,0,1,0,0,0,0,0.1831437021348038,0.0,0.5203988066794952,0.0592010951686017,0.0,0.0,0.0409913342201443,0.113946610530666,0.0,0.0,0.0,0.0,0.0,0.0,0.0,0.0823184512662886,0.0,0.0,0,0,0,0.2715526905218972,2.958393787898624,1053
0,1,1,0,16.971,0,0,1,1,1,0,0,1,0,0,0,0.0437615007471626,0.0349560964766033,0.0,0.0,0.0,0.0,0.0,0.0,0.1830548454423079,0.7126634804193992,0.0,0.0,0.0,0.0,0.0,0.0,0.0,0.0,1,1,0,2.312634428847048,10.677814547864372,1088
0,1,1,0,55.033,0,0,0,0,0,0,0,1,0,0,0,0.0,0.0,0.0,0.0,0.0,0.8628643992932864,0.0,0.0330112632508833,0.1041243374558303,0.0,0.0,0.0,0.0,0.0,0.0,0.0,0.0,0.0,0,0,0,2.552876776227268,8.481824218777273,1089
0,1,1,0,11.749,0,0,0,1,0,0,0,0,0,0,0,0.0,0.0,0.2177077532837629,0.0,0.0,0.5588129319663272,0.0,0.0,0.0415866880670836,0.1818926266828261,0.0,0.0,0.0,0.0,0.0,0.0,0.0,0.0,1,1,0,2.9951320934819585,9.956442033888276,1103
0,1,1,0,8.115,0,0,0,1,0,0,0,0,0,0,0,0.0,0.3635697996780541,0.0828843230191378,0.0,0.1461332945805759,0.2809258182793777,0.0,0.0,0.0,0.0565585315685923,0.0,0.0,0.0,0.0,0.0,0.0,0.0,0.0,1,0,1,1.451379607775825,8.16829478878982,1103
0,1,1,0,19.72300000000001,0,0,0,1,0,0,0,0,0,0,0,0.0,0.0735497395918633,0.2104490812014805,0.0,0.1156015591732451,0.4768515182285697,0.0,0.0,0.0,0.0,0.0,0.0,0.0,0.0,0.0,0.0,0.0,0.0,0,0,0,5.703782474656201,9.75667984696413,1103
0,1,1,0,11.645,0,0,0,0,0,0,0,0,0,0,0,0.0974271201413427,0.2491497349823321,0.0,0.0,0.0,0.0,0.0,0.0,0.0818738957597173,0.0350485865724381,0.0,0.0,0.0,0.1443518109540636,0.0,0.0,0.0,0.0,1,1,0,2.584978203512216,5.982681085198373,1117
0,1,1,0,6.642,0,0,0,0,0,0,0,0,0,0,0,0.0974271201413427,0.2491497349823321,0.0,0.0,0.0,0.0,0.0,0.0,0.0818738957597173,0.0350485865724381,0.0,0.0,0.0,0.1443518109540636,0.0,0.0,0.0,0.0,1,1,0,2.4548769033363045,4.28310368667448,1117
0,1,1,0,16.005000000000006,0,0,0,0,0,0,0,1,0,0,0,0.0,0.0,0.0,0.0,0.0,0.8979129858657244,0.0,0.0,0.0,0.0,0.0,0.0,0.0,0.0,0.0,0.0,0.0,0.0,1,0,1,2.9617617539828376,8.819962083318458,1129
0,1,1,0,65.98100000000001,0,0,0,0,0,0,0,1,0,0,0,0.0,0.0,0.0,0.0,0.0,0.7467843819376102,0.0,0.0,0.2190053326619825,0.0,0.0,0.0,0.0,0.0,0.0,0.0,0.0,0.0,0,0,0,2.3364066414695563,11.674656186413634,1151
0,1,1,0,11.558000000000002,0,0,0,0,0,0,0,0,0,0,0,0.0506183745583038,0.0,0.0,0.0330112632508833,0.1443518109540635,0.6978412102473499,0.0,0.0,0.0350485865724381,0.0391287544169611,0.0,0.0,0.0,0.0,0.0,0.0,0.0,0.0,1,0,1,2.187398683184928,8.540963427528673,1168
0,1,1,0,3.631,0,0,0,0,0,0,0,0,0,0,0,0.0506183745583038,0.0,0.0,0.0330112632508833,0.1443518109540635,0.6978412102473499,0.0,0.0,0.0350485865724381,0.0391287544169611,0.0,0.0,0.0,0.0,0.0,0.0,0.0,0.0,1,1,0,2.447377837895586,5.835357371256638,1168
0,1,0,1,39.765,0,0,0,0,0,0,0,0,0,0,0,0.0506183745583038,0.0,0.0,0.0330112632508833,0.1443518109540635,0.6978412102473499,0.0,0.0,0.0350485865724381,0.0391287544169611,0.0,0.0,0.0,0.0,0.0,0.0,0.0,0.0,1,1,0,1.2895080924321989,2.2789069656394685,1168
0,0,0,0,98.419,0,0,1,1,0,0,0,0,0,0,0,0.0,0.0,0.0,0.0,0.0,0.0,0.0,0.0,0.7337285859346853,0.2246847259982311,0.0,0.0,0.0,0.0,0.0,0.0,0.0,0.0,0,0,0,1.226418993155766,10.08598317751267,1168
0,1,1,0,11.914,0,0,0,1,0,0,0,1,0,0,0,0.0,0.171279766779128,0.241953552360051,0.0,0.4632185790559796,0.0,0.0,0.0,0.0,0.0,0.0,0.0,0.0,0.0,0.0,0.0,0.0,0.0,0,0,0,-0.962334670375562,3.9501662152061856,1171
0,1,1,0,9.051,0,0,0,1,0,0,0,0,0,0,0,0.0415866880670836,0.0,0.0,0.0,0.0,0.09714697500737,0.0,0.0,0.3102820269252185,0.5509843100003277,0.0,0.0,0.0,0.0,0.0,0.0,0.0,0.0,0,0,0,-0.8698843590599994,4.514665441562252,1223
0,1,1,0,21.042,0,0,0,0,0,0,0,0,1,0,0,0.0,0.0,0.0,0.0,0.0,0.2827971499514196,0.0,0.0,0.2059483968476735,0.4889074813775236,0.0,0.0,0.0,0.0,0.0,0.0,0.0,0.0,1,1,0,2.385086314505789,12.03528558789429,1228
0,1,1,0,7.524000000000001,0,0,0,0,0,0,0,0,1,0,0,0.0,0.0,0.0,0.0,0.0,0.2827971499514196,0.0,0.0,0.2059483968476735,0.4889074813775236,0.0,0.0,0.0,0.0,0.0,0.0,0.0,0.0,1,1,0,3.046520440386096,3.996988958630739,1228
0,1,1,0,11.181,0,0,0,0,0,0,0,0,1,0,0,0.0,0.0,0.0,0.0,0.0,0.2827971499514196,0.0,0.0,0.2059483968476735,0.4889074813775236,0.0,0.0,0.0,0.0,0.0,0.0,0.0,0.0,1,1,0,2.018097911438784,4.472312851849381,1228
0,1,1,0,15.071000000000002,0,0,0,1,0,0,0,0,0,1,0,0.0,0.0,0.0229652968847075,0.0,0.0,0.524640543179196,0.0,0.0,0.3898941599360966,0.0116435164640098,0.0,0.0,0.0,0.0,0.0,0.0,0.0,0.0,0,0,0,2.519630085846386,9.467808979941848,1253
0,0,0,0,4.146,0,0,0,0,0,0,0,1,0,0,0,0.0,0.0330112632508833,0.18007398409894,0.0,0.0856669611307419,0.7012477915194347,0.0,0.0,0.0,0.0,0.0,0.0,0.0,0.0,0.0,0.0,0.0,0.0,0,0,0,2.3030849680356966,2.4072153420721287,1328
0,1,1,0,14.38,0,0,0,0,0,0,0,0,0,0,0,0.0,0.0,0.0,0.0,0.0,0.0350485865724381,0.0,0.0,0.0312555212014134,0.0,0.0,0.0974271201413427,0.0,0.0,0.0,0.0,0.0,0.0,1,1,0,2.2261359208306395,3.654805473780185,1328
0,1,1,0,2.887,0,0,0,0,0,0,0,0,0,0,0,0.0,0.0,0.1665028710247349,0.0,0.0,0.708701413427562,0.0,0.0,0.0,0.0897471289752649,0.0,0.0,0.0,0.0,0.0,0.0,0.0,0.0,0,0,0,-0.2369889581362627,6.788712700434535,1328
0,0,0,0,78.37899999999999,0,0,0,0,0,0,0,0,0,0,0,0.1800739840989399,0.0,0.0,0.0,0.0,0.7362963780918729,0.0,0.0,0.0,0.0836296378091872,0.0,0.0,0.0,0.0,0.0,0.0,0.0,0.0,1,1,0,1.0942695392339727,5.068079963257537,1328
0,1,1,0,14.907000000000002,0,0,0,1,0,0,0,0,0,0,0,0.0,0.0,0.0,0.0,0.0,0.8757312719054015,0.0,0.0,0.0,0.0871826787644534,0.0,0.0,0.0,0.0,0.0,0.0,0.0,0.0,0,0,0,3.1049453585273072,6.183497132197139,1373
0,0,0,0,46.898,0,0,0,0,0,0,0,0,0,0,0,0.0,0.0312555212014134,0.3243098498233215,0.0,0.0,0.0,0.0,0.0,0.0,0.0,0.0,0.0,0.0,0.4643606448763252,0.0,0.18007398409894,0.0,0.0,0,0,0,4.252586859952612,5.058764922699778,1385
0,0,0,0,5.732,0,0,0,0,0,0,0,0,0,0,0,0.0,0.0,0.0,0.0,0.0,0.138444125441696,0.0,0.0,0.0,0.0,0.0,0.0,0.0,0.0,0.861555874558304,0.0,0.0,0.0,0,0,0,2.026436256355938,3.2283111716546857,1399
0,0,0,0,3.019,0,0,0,0,0,0,0,0,0,0,0,0.0974271201413427,0.0,0.0,0.0,0.1443518109540636,0.6149679770318022,0.0,0.0,0.0391287544169611,0.0,0.0,0.0,0.0,0.0,0.0,0.0,0.0,0.0,0,0,0,2.2202898502672155,5.804921090624471,1399
0,0,0,0,2.331,0,0,0,0,0,0,0,0,0,0,0,0.0,0.0,0.0,0.0,0.0,0.0,0.0,0.0,0.0,0.0,1.0,0.0,0.0,0.0,0.0,0.0,0.0,0.0,0,0,0,1.838165842042211,2.321995486513869,1399
0,1,1,0,8.119,0,0,0,1,0,0,0,0,0,0,0,0.0,0.5465097789791701,0.0,0.0,0.0,0.0,0.1484735252027349,0.0,0.0,0.0,0.0,0.0,0.0,0.1070974263453194,0.0,0.1979192694727755,0.0,0.0,0,0,0,1.7012875660639797,5.379865094955641,1399
0,0,0,0,7.901000000000002,0,0,0,0,0,0,0,0,0,0,0,0.5000828180212016,0.0,0.2086185954063604,0.0,0.0,0.0,0.0,0.0,0.0,0.2015514575971731,0.0,0.0,0.0391287544169611,0.0,0.0,0.0,0.0,0.0,0,0,0,1.0996117890011932,6.597763519183775,1406
0,1,1,0,34.116,0,0,0,1,0,0,0,0,0,0,0,0.0,0.0,0.0,0.0,0.0,0.3062923777391986,0.0,0.0,0.1427233122604736,0.5509843100003277,0.0,0.0,0.0,0.0,0.0,0.0,0.0,0.0,1,1,0,-0.0140989243795016,2.063820160776879,1409
0,1,1,0,3.212,0,0,0,1,0,0,0,0,0,0,0,0.0,0.0,0.0,0.0,0.0,0.1156015591732451,0.0,0.0,0.3334141308264271,0.5509843100003277,0.0,0.0,0.0,0.0,0.0,0.0,0.0,0.0,0,0,0,1.3501489144835377,4.384822721975883,1409
0,1,1,0,2.539,0,0,0,1,0,0,0,1,0,0,0,0.5376087840132742,0.0,0.0748055390063418,0.0,0.0,0.1909643149460742,0.0,0.0,0.0,0.0,0.0,0.0,0.0,0.0,0.0,0.1966213620343097,0.0,0.0,1,1,0,2.6543680908523504,3.387875707545665,1412
0,0,0,0,300.0,0,0,0,1,0,0,0,0,0,0,0,0.0,0.0597877171674499,0.0,0.0,0.2612134973860697,0.6789987854464804,0.0,0.0,0.0,0.0,0.0,0.0,0.0,0.0,0.0,0.0,0.0,0.0,1,1,0,2.1236976329343733,4.300477584702904,1430
0,1,1,0,12.684,0,0,0,1,0,0,0,0,0,0,0,0.3797045432211997,0.0,0.0271217530872284,0.0,0.0,0.1851616495790886,0.0,0.0,0.0,0.4080120541124832,0.0,0.0,0.0,0.0,0.0,0.0,0.0,0.0,0,0,0,2.230336928786422,6.423628384289867,1432
0,1,1,0,27.916,0,0,1,1,0,0,0,0,0,0,0,0.0,0.0,0.0807560024894362,0.0,0.0,0.0271217530872284,0.0,0.0,0.8550361950931902,0.0,0.0,0.0,0.0,0.0370860493301451,0.0,0.0,0.0,0.0,1,1,0,2.7232015048695537,8.636542111546465,1507
0,1,1,0,9.944,0,0,0,1,0,0,0,0,0,0,0,0.0,0.0,0.0,0.0,0.0,0.0,0.0,0.0,0.8024370270889973,0.1975629729110026,0.0,0.0,0.0,0.0,0.0,0.0,0.0,0.0,1,1,0,3.2203946708374707,7.129340015976354,1453
0,0,0,0,31.335,0,0,1,0,0,0,0,0,0,0,0,0.5077765274448087,0.0,0.117852036683682,0.0,0.0,0.3435969361406026,0.0,0.0,0.0,0.0,0.0,0.0,0.0,0.0,0.0,0.0,0.0,0.0,1,0,1,2.173387154522364,7.284339315137694,1661
0,1,1,0,8.205,0,0,1,1,0,0,0,0,0,0,0,0.0455825979572409,0.0,0.0,0.0,0.0,0.0266279039851809,0.0,0.0,0.8869600452803007,0.0408294527772774,0.0,0.0,0.0,0.0,0.0,0.0,0.0,0.0,1,1,0,2.741420500577316,9.655798266906904,1509
0,1,1,0,4.8450000000000015,0,0,0,0,0,0,0,1,0,0,0,0.0,0.0,0.0,0.0,0.0,0.964951413427562,0.0,0.0,0.0,0.0350485865724381,0.0,0.0,0.0,0.0,0.0,0.0,0.0,0.0,0,0,0,2.309064059091755,7.927235972565328,1549
0,1,1,0,8.067,0,0,0,0,0,0,0,0,0,0,0,0.0,0.0,0.0,0.0,1.0,0.0,0.0,0.0,0.0,0.0,0.0,0.0,0.0,0.0,0.0,0.0,0.0,0.0,0,0,0,1.4300719834657782,3.126804394647712,1549
0,1,1,0,6.166,0,0,0,0,0,0,0,0,0,0,0,0.0,0.0,0.0,0.0,0.1082045053003533,0.7474436837455831,0.0,0.0,0.0,0.1443518109540636,0.0,0.0,0.0,0.0,0.0,0.0,0.0,0.0,1,1,0,2.9006520673037213,7.755812136972058,1549
0,1,1,0,11.821000000000002,0,0,0,0,0,0,0,0,0,0,0,0.0,0.0,0.0,0.0,0.0,0.403163648409894,0.0,0.0,0.1443518109540636,0.3200088339222616,0.0,0.0,0.0,0.0,0.0,0.0,0.0,0.0,1,1,0,2.254864356782634,5.6085996200790085,1549
0,1,1,0,13.149,0,0,0,1,0,0,0,0,0,0,0,0.0,0.0,0.0,0.0,1.0,0.0,0.0,0.0,0.0,0.0,0.0,0.0,0.0,0.0,0.0,0.0,0.0,0.0,1,1,0,2.29927963598532,6.248284624781576,1549
0,1,1,0,7.3820000000000014,0,1,0,1,0,0,0,0,0,0,0,0.0,0.0,0.078628664802187,0.0,0.6801432925871228,0.0398956729409545,0.0,0.0,0.0,0.0,0.0,0.0,0.0,0.1397354114948307,0.0,0.0,0.0,0.0,1,1,0,1.540516466967679,4.850646494452106,1619
0,1,1,0,17.672,0,1,0,1,0,0,0,0,0,0,0,0.0,0.0,0.078628664802187,0.0,0.6801432925871228,0.0398956729409545,0.0,0.0,0.0,0.0,0.0,0.0,0.0,0.1397354114948307,0.0,0.0,0.0,0.0,1,1,0,1.999044604607807,3.298352218369979,1619
0,0,0,0,16.678,0,0,0,0,0,0,0,0,0,0,0,0.0330112632508833,0.0,0.0,0.0,0.0,0.0,0.0,0.0,0.8587842314487633,0.0391287544169611,0.0,0.0,0.0,0.0,0.0,0.0,0.0,0.0,1,1,0,3.9706314785349166,7.594756612454074,1666
0,0,0,0,53.36600000000001,0,0,0,1,0,0,0,0,0,0,0,0.0378727313947521,0.0603708520767954,0.1945839846313554,0.0,0.0,0.2729067977615235,0.0,0.0,0.0,0.4004916057131267,0.0,0.0,0.0,0.0,0.0,0.0,0.0,0.0,0,0,0,2.312535423847214,4.794359770459866,1709
0,1,1,0,6.433000000000002,0,0,0,1,0,0,0,0,0,0,0,0.1002089816686732,0.0,0.0,0.0,0.0,0.8997910183313268,0.0,0.0,0.0,0.0,0.0,0.0,0.0,0.0,0.0,0.0,0.0,0.0,0,0,0,-1.619488248287602,5.582680186370699,1713
0,0,0,0,4.235,0,0,0,1,0,0,0,0,0,0,0,0.0271217530872284,0.2128664548462117,0.0,0.0,0.0,0.7600117920665598,0.0,0.0,0.0,0.0,0.0,0.0,0.0,0.0,0.0,0.0,0.0,0.0,0,0,0,2.960830221544726,3.75178382826033,1724
0,1,1,0,15.189000000000002,0,0,0,1,0,0,0,0,0,0,0,0.0271217530872284,0.2128664548462117,0.0,0.0,0.0,0.7600117920665598,0.0,0.0,0.0,0.0,0.0,0.0,0.0,0.0,0.0,0.0,0.0,0.0,0,0,0,1.4433833281040178,3.378542691097349,1724
0,1,1,0,0.009,0,0,0,0,0,0,0,0,0,0,0,0.0330112632508833,0.0,0.0,0.0,0.0,0.8304328621908128,0.0,0.0,0.0,0.1365558745583038,0.0,0.0,0.0,0.0,0.0,0.0,0.0,0.0,1,1,0,2.5330616916750475,4.323152043160749,1724
0,1,1,0,8.356,0,0,0,0,0,0,0,0,0,0,0,0.0330112632508833,0.0,0.0,0.0,0.0,0.8304328621908128,0.0,0.0,0.0,0.1365558745583038,0.0,0.0,0.0,0.0,0.0,0.0,0.0,0.0,1,1,0,-4.710530701645918,3.677338108267377,1724
0,1,1,0,3.257,0,0,0,0,0,0,0,0,0,0,0,0.0690757508833922,0.0,0.3200088339222616,0.0,0.0506183745583038,0.4628699204946996,0.0,0.0,0.0,0.0,0.0,0.0,0.0,0.0,0.0,0.0,0.0,0.0,1,1,0,2.0226066049272973,5.034416922761055,1724
0,1,1,0,3.486,0,0,0,1,0,0,0,0,0,0,0,0.0,0.0,0.0,0.0,0.0,0.0699402000941955,0.0,0.0,0.6001755462628628,0.0,0.0,0.0,0.0,0.0,0.0,0.0,0.0,0.0,0,0,0,2.5875384458745687,9.81107232830134,57
0,0,0,0,2.959,0,0,0,0,0,0,1,0,0,0,0,0.0,0.0,0.0342102854004073,0.0,0.0,0.0715846932002837,0.0,0.0323907719772045,0.8618142494221043,0.0,0.0,0.0,0.0,0.0,0.0,0.0,0.0,0.0,1,1,0,3.150768275653524,9.355780164808008,90
0,0,0,0,17.485,0,0,1,1,0,0,0,0,0,0,0,0.019776596413527,0.0,0.0,0.0,0.0,0.0,0.0,0.0,0.1658272149997554,0.7108048257410113,0.0,0.1035913628457062,0.0,0.0,0.0,0.0,0.0,0.0,1,1,0,2.698134536314833,7.188037288381625,142
0,1,1,0,10.643,0,0,1,0,0,0,0,0,0,0,0,0.0646047819377206,0.0,0.1243472929835317,0.0,0.0,0.5364846486128435,0.0,0.0,0.0,0.0,0.0447328922055682,0.0,0.0,0.0,0.0,0.0,0.2298303842603358,0.0,0,0,0,1.6102375926046646,8.753025972837714,169
0,0,0,0,300.0,0,0,1,1,1,0,0,0,0,0,0,0.0,0.1140335004911338,0.0386380085819159,0.0,0.0,0.0,0.0,0.0,0.3732099467507625,0.4338003412087061,0.0,0.0,0.0,0.0,0.0,0.0,0.0,0.0,0,0,0,-0.5996568374726066,8.80086664006066,214
0,0,0,0,31.275,0,0,0,1,0,0,0,0,0,0,0,0.0,0.0,0.0,0.0,0.0,0.0,0.0,0.0,1.0,0.0,0.0,0.0,0.0,0.0,0.0,0.0,0.0,0.0,0,0,0,2.404148408403487,11.420926386415,281
0,0,0,0,5.452000000000001,1,0,0,0,0,0,0,0,0,0,0,0.0598683523142827,0.0270347926026537,0.4937180022986105,0.0,0.0369671403197158,0.0414533486574025,0.0,0.0,0.0462791244384076,0.294679239368927,0.0,0.0,0.0,0.0,0.0,0.0,0.0,0.0,1,1,0,1.8253554186565704,3.597010845304409,288
0,0,0,0,6.172999999999999,0,0,0,1,0,0,0,0,0,0,0,0.0,0.0800160015675004,0.0,0.0,0.0,0.0488129449415452,0.2134494807654627,0.0,0.5250146953170924,0.0748481483900463,0.0,0.0,0.0,0.0,0.0,0.0,0.0,0.0,1,1,0,2.0835580571916754,6.529522482526009,288
0,0,0,0,2.502,0,0,0,1,0,0,0,0,0,0,0,0.0,0.0631902671128217,0.0,0.0,0.0,0.2488281980361437,0.1685654049244695,0.0,0.4146148043558152,0.0591091081410417,0.0,0.0,0.0,0.0,0.0,0.0,0.0,0.0,0,0,0,1.8201849434117587,3.641420902954235,288
0,1,1,0,5.537000000000001,0,0,0,0,0,0,0,1,0,0,0,0.0,0.0,0.0,0.0,0.2472181796131224,0.6098326359832636,0.0,0.0,0.142949184403614,0.0,0.0,0.0,0.0,0.0,0.0,0.0,0.0,0.0,0,0,0,-0.0242926925690445,2.402068371478996,335
0,0,0,0,4.315,0,0,0,0,0,0,0,0,0,0,0,0.0,0.0,0.0,0.0,0.0,1.0,0.0,0.0,0.0,0.0,0.0,0.0,0.0,0.0,0.0,0.0,0.0,0.0,0,0,0,2.946962109184561,4.068821604991015,368
0,1,1,0,29.06600000000001,0,0,0,1,0,0,0,0,0,1,0,0.0,0.0,0.0,0.0,0.0,0.611864406779661,0.0,0.0,0.1437944231820666,0.0835429196282121,0.0,0.0,0.0,0.0,0.0,0.0,0.0,0.0,1,1,0,2.311049171406175,7.662893676553551,449
0,1,1,0,22.249,0,0,0,1,0,0,0,0,0,0,0,0.0,0.0,0.0370860493301451,0.0,0.0,0.0,0.0,0.0,0.5367814209440203,0.4261325297258345,0.0,0.0,0.0,0.0,0.0,0.0,0.0,0.0,0,0,0,1.809108107562668,4.320244311730027,462
0,0,0,0,21.261000000000006,0,0,0,0,0,0,0,0,0,0,0,0.1443518109540635,0.4747515459363957,0.0,0.0,0.0,0.3808966431095407,0.0,0.0,0.0,0.0,0.0,0.0,0.0,0.0,0.0,0.0,0.0,0.0,0,0,0,1.7486779795256049,3.010325275856891,552
0,1,1,0,31.664,0,0,0,1,0,0,0,1,0,0,0,0.0,0.0583166443125653,0.0,0.0,0.0,0.851645323093318,0.0,0.0,0.0520054384772264,0.0,0.0,0.0,0.0,0.0,0.0,0.0,0.0,0.0,0,0,0,1.2598804362642322,6.280395838960195,571
0,0,0,0,18.591,0,0,0,1,0,0,0,0,0,0,0,0.0,0.1897094676960585,0.0514236373135194,0.0,0.0,0.6308266093922331,0.0,0.0,0.0,0.0,0.0,0.0,0.0,0.0,0.0,0.0,0.0,0.0,1,1,0,4.714804555706823,5.998966338178304,571
0,0,0,0,20.359,0,0,0,0,0,0,0,0,0,0,0,0.1443518109540635,0.0,0.0,0.0,0.0,0.3243098498233214,0.0,0.0,0.0,0.531338339222615,0.0,0.0,0.0,0.0,0.0,0.0,0.0,0.0,1,1,0,1.2104517704236453,4.016599213597248,592
0,0,0,0,10.399,0,0,0,0,0,0,0,0,0,0,0,0.4234829941913566,0.0,0.0,0.0,0.0,0.3561757936652905,0.0,0.0,0.0,0.2203412121433529,0.0,0.0,0.0,0.0,0.0,0.0,0.0,0.0,0,0,0,1.0872142437157404,4.030392535729583,592
0,0,0,0,5.073,0,0,0,0,0,0,0,0,0,0,0,0.4234829941913566,0.0,0.0,0.0,0.0,0.3561757936652905,0.0,0.0,0.0,0.2203412121433529,0.0,0.0,0.0,0.0,0.0,0.0,0.0,0.0,0,0,0,2.3417096476780954,4.406902157364449,592
0,0,0,0,12.457,0,0,0,0,0,0,0,0,0,0,0,0.4234829941913566,0.0,0.0,0.0,0.0,0.3561757936652905,0.0,0.0,0.0,0.2203412121433529,0.0,0.0,0.0,0.0,0.0,0.0,0.0,0.0,0,0,0,1.765415493888453,5.319481811247866,592
0,1,1,0,11.425999999999998,0,0,0,1,0,0,0,0,0,0,0,0.0,0.0,0.0391693144223525,0.0,0.0,0.0600609256772249,0.0,0.0,0.7851682007271773,0.1156015591732451,0.0,0.0,0.0,0.0,0.0,0.0,0.0,0.0,0,0,0,2.522282713903956,6.813433610439527,592
0,1,1,0,12.487,0,0,0,1,0,0,0,0,0,0,0,0.0,0.0,0.0,0.0,0.0,0.0710480884991936,0.0,0.0,0.8268007632373987,0.0661018104172818,0.0,0.0,0.0,0.0,0.0,0.0,0.0,0.0,1,1,0,1.2199445738356347,4.794235618315391,592
0,1,1,0,7.997000000000001,0,0,1,0,0,0,0,0,0,0,0,0.0695186798389644,0.0,0.0,0.0,0.0,0.0,0.0,0.0,0.5322895340688933,0.3981917860921421,0.0,0.0,0.0,0.0,0.0,0.0,0.0,0.0,0,0,0,-0.2306718177350012,6.90156515966418,592
0,1,1,0,11.806,0,0,0,0,0,0,0,0,0,0,0,0.0,0.0,0.1819856727622273,0.0,0.0,0.2997676973428237,0.0,0.0,0.331632069210171,0.1866145606847779,0.0,0.0,0.0,0.0,0.0,0.0,0.0,0.0,0,0,0,0.2223432311434407,10.991533732632211,592
0,0,0,0,1.62,0,0,0,0,0,0,0,0,0,0,0,0.0330112632508833,0.0,0.166502871024735,0.0,0.0,0.124795715547703,0.0,0.0,0.531338339222615,0.1443518109540636,0.0,0.0,0.0,0.0,0.0,0.0,0.0,0.0,0,0,0,5.01276635510521,7.77564579064883,592
0,1,1,0,6.309,0,0,0,1,0,0,0,0,0,0,0,0.0,0.0,0.0350233550901723,0.0,0.0,0.4409193553376435,0.0,0.0,0.1605221641352428,0.3635351254369413,0.0,0.0,0.0,0.0,0.0,0.0,0.0,0.0,0,0,0,2.939532223865792,4.07774081305532,592
0,1,1,0,5.575,0,0,0,0,0,0,0,0,0,0,0,0.0,0.0,0.0312555212014134,0.0,0.0,0.37891453180212,0.0,0.0,0.4097559628975265,0.1800739840989399,0.0,0.0,0.0,0.0,0.0,0.0,0.0,0.0,0,0,0,1.406587064387653,9.274633738065711,592
