map_results,click,organic_click_3p,organic_click_1p,time_elapsed,n_direct_answer,n_knowledge_panel_rhs,n_people_also_ask,n_top_stories,n_videos,n_images,n_ad,n_local_results,Reference,News and Media,Business,Shopping,Information Technology,Education,Entertainment,Streaming Media and Download,Health and Wellness,Government and Legal Organizations,Social Networking,Restaurant and Dining,Finance and Banking,Sports,Society and Lifestyles,Newsgroups and Message Boards,Arts and Culture,Travel,Real Estate,click_prev_1,organic_click_3p_prev_1,organic_click_1p_prev_1,log_time_elapsed_prev_1,log_time_prev_1,user_id
1,0,0,0,12.929,0,0,0,0,0,0,0,0,0.3370384917517675,0.0,0.1688531029065199,0.4615868028279655,0.0,0.0,0.0,0.0,0.0,0.0,0.0,0.0,0.0,0.0,0.0,0.0,0.0,0.0,0.0325216025137469,1,0,1,1.175573329804238,6.772299750680994,616
1,1,0,1,300.0,0,0,0,0,0,0,0,0,0.1386174391201886,0.0,0.1268578161822465,0.0,0.0,0.0,0.0,0.0,0.0,0.0,0.0,0.0,0.0,0.0,0.0,0.0,0.0,0.0,0.7345247446975649,1,0,1,2.216700353836876,6.730004460430896,622
1,1,1,0,7.949000000000002,0,0,0,0,0,0,0,0,0.0498664571877454,0.0,0.0,0.0,0.0,0.0,0.0,0.0,0.0,0.0,0.0,0.0,0.0,0.0,0.0,0.0,0.0,0.0,0.9501335428122548,0,0,0,2.259573202400755,6.1621456998459525,626
1,0,0,0,300.0,0,0,0,0,0,0,0,0,0.046967792615868,0.0,0.0,0.0,0.0,0.0,0.0,0.0,0.0,0.0,0.0,0.0,0.0,0.0,0.0,0.0,0.0,0.0,0.953032207384132,1,1,0,2.6662555114451645,4.403604645827376,626
1,1,0,1,10.523,0,0,0,0,0,0,0,0,0.079489395129615,0.0,0.0,0.0,0.0,0.0,0.0,0.0,0.0,0.0,0.0,0.0,0.0,0.0,0.0,0.0,0.0,0.0,0.9205106048703848,0,0,0,2.162172939277301,7.441748450579161,626
1,0,0,0,4.476,0,0,0,0,0,0,0,0,0.5085545954438335,0.09827965435978,0.0325216025137469,0.0,0.0,0.0,0.0,0.0,0.0,0.0,0.0,0.0,0.0,0.0,0.0,0.0,0.0,0.2441555380989787,0.1164886095836606,1,1,0,3.0944004453506926,3.677135766156765,1240
1,1,0,1,23.506,0,0,0,0,0,0,0,0,0.3118774548311077,0.1830871956009427,0.2053809897879026,0.046967792615868,0.0,0.0,0.0,0.0,0.0,0.0,0.0325216025137469,0.0,0.0,0.0,0.0,0.0,0.0,0.0,0.1218853102906518,1,0,1,2.222133968596419,3.7678292570923375,463
1,0,0,0,1.6969999999999998,0,0,0,0,0,0,0,0,0.1189866457187745,0.0,0.0,0.0,0.0,0.0,0.0,0.0,0.0,0.0,0.0,0.0,0.0,0.0,0.0,0.0,0.0,0.0,0.8810133542812255,1,0,1,3.091269700263055,3.769929346714099,642
1,1,0,1,11.625,0,0,0,0,0,0,0,0,0.5085545954438335,0.09827965435978,0.0325216025137469,0.0,0.0,0.0,0.0,0.0,0.0,0.0,0.0,0.0,0.0,0.0,0.0,0.0,0.0,0.2441555380989787,0.1164886095836606,1,0,1,2.40432907687733,4.427310659514026,1240
1,1,1,0,22.074,0,0,0,0,0,0,0,0,0.5085545954438335,0.09827965435978,0.0325216025137469,0.0,0.0,0.0,0.0,0.0,0.0,0.0,0.0,0.0,0.0,0.0,0.0,0.0,0.0,0.2441555380989787,0.1164886095836606,1,0,1,2.45315795147342,5.438626985008222,1240
1,1,1,0,13.408,0,0,0,0,0,0,0,0,0.3272663000785545,0.0,0.0769913589945011,0.0,0.0,0.0,0.0,0.0,0.0,0.0,0.0,0.0,0.0,0.0,0.0,0.0,0.0,0.0,0.5957423409269443,0,0,0,2.8366779236983826,5.162640817577126,687
1,0,0,0,194.569,0,0,0,0,0,0,0,0,0.1276904948939512,0.0,0.0,0.0,0.09827965435978,0.0,0.0,0.0,0.0,0.0,0.0,0.0,0.0,0.0,0.0,0.0,0.0,0.0,0.7740298507462686,1,0,1,4.602556773999939,7.37219533521754,887
1,0,0,0,20.074,0,0,0,0,0,0,0,0,0.2172663000785545,0.0,0.0,0.0,0.0325216025137469,0.0,0.0,0.0,0.0,0.0,0.0,0.0,0.0,0.0,0.0,0.0,0.0,0.0,0.7502120974076985,1,1,0,2.778819271990417,4.171398191664392,1620
1,0,0,0,3.723,0,0,0,0,0,0,0,0,0.400494893951296,0.0,0.0,0.0,0.0,0.0,0.0,0.0,0.0,0.0,0.0,0.0,0.0,0.0,0.0,0.0,0.0,0.0,0.5550353495679498,0,0,0,-0.6329932577401982,2.4716525341095843,713
1,1,1,0,25.052000000000003,0,0,0,0,0,0,0,0,0.3829379418695993,0.0,0.1897172034564022,0.0,0.0,0.0,0.0,0.0,0.0,0.0,0.1711390416339355,0.0,0.0,0.0,0.0,0.0,0.0,0.0,0.0,1,1,0,3.3306676154716284,7.757352208768466,1304
1,0,0,0,28.578000000000007,0,0,0,0,0,0,0,0,0.4043519245875883,0.0,0.2610526315789473,0.0,0.0,0.0,0.0,0.0,0.0,0.0,0.0,0.0,0.0,0.0,0.0,0.0,0.0,0.210636292223095,0.0325216025137469,1,1,0,2.503073953743449,7.102710033169085,764
1,0,0,0,22.878,0,0,0,0,0,0,0,0,0.0,0.0,0.3432657794466839,0.0,0.1285548622232039,0.0,0.0,0.0,0.0,0.0,0.0,0.0,0.0,0.0,0.0,0.0,0.0,0.0,0.2887514495554697,1,1,0,2.2667506399848296,3.908898128080621,777
1,1,0,1,7.246,0,0,0,0,0,0,0,0,0.09827965435978,0.0,0.0,0.0,0.0720188531029065,0.0,0.0,0.0,0.0,0.0325216025137469,0.0,0.0,0.0,0.0,0.0,0.0,0.0,0.0,0.7971798900235665,1,1,0,2.7476554556945696,5.114604842807942,779
1,1,1,0,14.39,0,0,0,0,0,0,0,0,0.3218695993715633,0.0,0.0498664571877454,0.0,0.0,0.0,0.0,0.0,0.0,0.0,0.0,0.0,0.0,0.0,0.0,0.0,0.0,0.0325216025137469,0.5487745483110763,1,1,0,3.635294061190181,4.782571324018225,810
1,1,1,0,5.622000000000001,0,0,0,0,0,1,0,0,0.046967792615868,0.0,0.0,0.0,0.0,0.0,0.0,0.0,0.0,0.0,0.0,0.0,0.0444697564807541,0.0,0.0,0.0,0.0,0.0,0.9085624509033778,0,0,0,0.3184537311185346,8.057377171801527,832
1,1,1,0,21.186,0,0,0,0,0,0,0,0,0.0,0.0,0.0,0.0,0.0,0.0,0.0,0.0,0.0,0.0,0.0,0.0,0.0,0.0,0.0,0.0,0.0,0.0,1.0,1,1,0,0.1510028735365274,3.9939715880753135,859
1,0,0,0,13.477,0,0,0,0,0,0,0,0,0.0,0.0,0.0444697564807541,0.0,0.0,0.0,0.0,0.0,0.0,0.0,0.0,0.0,0.0,0.0,0.0,0.0,0.0,0.0,0.955530243519246,1,1,0,5.173394528051935,5.958672724282991,1726
1,0,0,0,10.747,0,0,0,0,0,0,0,0,0.6867242733699922,0.0,0.1942890809112333,0.046967792615868,0.0,0.0,0.0,0.0,0.0,0.0,0.0,0.0,0.0720188531029065,0.0,0.0,0.0,0.0,0.0,0.0,0,0,0,0.8046885552928528,3.884877887904591,1409
1,0,0,0,136.81799999999998,0,0,0,0,0,0,0,0,0.1796307934014138,0.0,0.0,0.0,0.0,0.0,0.0,0.0,0.0,0.0,0.0,0.0,0.0,0.0,0.0,0.0,0.0,0.0,0.820369206598586,1,1,0,3.721467643707088,4.6803333155531,877
1,1,0,1,12.931,0,0,0,0,0,0,0,0,0.0,0.0,0.0943362136684995,0.0,0.0,0.0,0.0,0.0,0.2562058130400629,0.0,0.0,0.0,0.0,0.0,0.0,0.0,0.0,0.0,0.6494579732914375,0,0,0,5.703782474656201,10.314967932565937,878
1,0,0,0,226.968,0,0,0,0,0,1,0,0,0.1539512961508247,0.1855852317360566,0.2887274155538099,0.0,0.0,0.0,0.0,0.0,0.0,0.2053809897879026,0.0,0.0,0.0,0.0,0.0,0.0,0.0,0.0,0.0720188531029065,0,0,0,1.3744747843145484,3.711325642943766,885
1,0,0,0,1.709,0,0,0,0,0,0,0,0,0.4615868028279655,0.0,0.1413040062843675,0.0,0.09827965435978,0.0,0.0,0.0,0.0,0.0,0.1276904948939512,0.0,0.0,0.0,0.0,0.0,0.0,0.0,0.0,1,1,0,2.5212385790353906,3.642180851104696,885
1,1,1,0,21.722,0,0,0,0,0,1,0,0,0.0,0.0,0.0,0.0,0.0720188531029065,0.0,0.0,0.0,0.0823880597014923,0.0,0.0,0.0,0.0,0.0,0.0,0.0,0.0,0.0,0.8455930871956012,0,0,0,0.8833542316278902,11.355742906975154,922
1,0,0,0,52.837,0,0,0,0,0,0,0,0,0.0325216025137469,0.0,0.210636292223095,0.0,0.0,0.0,0.0,0.0,0.0,0.0,0.0,0.0,0.0498664571877454,0.0,0.046967792615868,0.0,0.0,0.0,0.6600078554595445,1,1,0,3.717102413057676,9.802327369782796,1689
1,0,0,0,8.395000000000001,0,0,0,0,0,0,0,0,0.3902322182526794,0.0,0.0,0.2648181227671322,0.0,0.0,0.0,0.0,0.0,0.0,0.0485466060409223,0.1015833062682688,0.0,0.0,0.0,0.0,0.0,0.0,0.0515427086716465,0,0,0,-0.0855578883616465,7.833243583210335,943
1,1,1,0,17.547,0,0,0,0,0,0,0,0,0.0,0.0325216025137469,0.0,0.0,0.0,0.0,0.0,0.0,0.0,0.0,0.0,0.0,0.0,0.0,0.0,0.0,0.0,0.0,0.9674783974862532,0,0,0,1.9600947840472696,8.002955085082377,1272
1,0,0,0,20.874,0,0,0,0,0,0,0,0,0.0444697564807541,0.0,0.0,0.0,0.0,0.0,0.0,0.0,0.0,0.0,0.0,0.0,0.0,0.0,0.0,0.0,0.0,0.0,0.955530243519246,0,0,0,3.095034474627853,10.346261707984691,1372
1,0,0,0,0.107,0,0,0,0,0,0,0,0,0.0,0.0,0.0,0.0,0.0,0.0,0.0,0.0,0.0,0.0,0.0,0.0,0.0,0.0,0.0,0.0,0.0,0.0,1.0,1,1,0,2.344398595807456,3.568095043835552,887
1,0,0,0,3.4680000000000004,0,0,0,0,0,0,0,0,0.0,0.0498664571877454,0.5617282010997645,0.0,0.0,0.0,0.0,0.0,0.2368970934799686,0.1045404556166534,0.0,0.0,0.0,0.0,0.0,0.0,0.0,0.0,0.046967792615868,0,0,0,-0.7174398731289899,10.542475599268634,869
1,1,1,0,14.548,0,0,0,0,0,0,0,0,0.0,0.0,0.0,0.0,0.0,0.0,0.0,0.0,0.0,0.0,0.0,0.0,0.0,0.0,0.0,0.0,0.0,0.0,1.0,1,1,0,2.2468609442216843,7.022204764529257,1026
1,0,0,0,6.9510000000000005,0,0,0,0,0,0,0,0,0.0,0.0,0.0,0.0,0.0,0.0,0.0,0.0,0.0,0.0,0.0,0.0,0.0,0.0,0.0,0.0,0.0,0.0,1.0,0,0,0,4.794665946530047,6.064654598100949,1026
1,0,0,0,7.026000000000002,0,0,0,0,0,1,0,0,0.0,0.0,0.0506128737344665,0.0,0.0,0.0,0.0,0.0,0.0,0.0,0.0599922121017166,0.0,0.0,0.0,0.0,0.0,0.0,0.0,0.8893949141638169,0,0,0,1.2686363176516582,5.697140465267657,1033
1,1,1,0,19.613,0,0,0,0,0,0,0,0,0.764548311076198,0.0,0.046967792615868,0.0,0.0,0.0,0.0,0.0,0.0,0.0498664571877454,0.0,0.0,0.0,0.0,0.0,0.0,0.0,0.0,0.1386174391201885,1,1,0,2.79661037808169,5.065262358625046,1048
1,0,0,0,5.056,0,0,0,0,0,0,0,0,0.0,0.0,0.0,0.0,0.0,0.0,0.0,0.0,0.0,0.0,0.0,0.0,0.0,0.0,0.0,0.0,0.0,0.0,1.0,0,0,0,0.1814878760453772,2.3147112727918864,869
1,0,0,0,0.424,0,0,0,0,0,1,0,0,0.000362192967543,0.0,0.2386999489973166,0.0,0.2044542343314584,0.0001182670914426,0.0,0.0,0.0,0.0,0.0,0.0,0.0,0.0,0.0,0.0,0.0,0.0003326261946824,0.5559662051786203,1,0,1,2.3162907400501576,4.646868596343767,1114
1,1,0,1,8.234,0,0,0,0,0,1,0,0,0.0164636129757222,0.0,0.112376911021084,0.0,0.0001848182866605,0.0,0.0,0.0,0.0,5.91418517313778e-05,0.0,0.0,0.0,0.0,0.0,0.0,0.0,0.0,0.8709155158648018,0,0,0,3.4589944803883723,10.905139812814577,1114
1,0,0,0,3.61,0,0,0,0,0,0,0,0,0.0,0.0,0.0,0.0,0.0,0.0,0.0,0.0,0.0,0.0,0.0,0.0,0.0,0.0,0.0,0.0,0.0,0.0,1.0,0,0,0,1.6417114729843965,7.302797591309821,1445
1,1,1,0,2.079,0,0,0,0,0,0,0,0,0.0,0.0,0.0,0.0,0.0,0.0,0.0,0.0,0.0,0.0,0.0,0.0,0.0,0.0,0.0,0.0,0.0,0.0,1.0,1,0,1,2.148617729696619,3.2966883552363098,1121
1,1,1,0,1.364,0,0,0,0,0,0,0,0,0.0,0.0,0.0325216025137469,0.0,0.0,0.0,0.0,0.0,0.0,0.0,0.0,0.0,0.0,0.0,0.0,0.0,0.0,0.0,0.9674783974862532,0,0,0,4.064520891572683,4.830758745831387,1121
1,1,0,1,121.043,0,0,0,0,0,0,0,0,0.3282246661429694,0.0,0.2498507462686567,0.0,0.2368970934799686,0.0,0.0,0.0,0.0,0.0,0.0325216025137469,0.0,0.0,0.0,0.0,0.0,0.0,0.0,0.046967792615868,0,0,0,5.424747353774695,8.542162058527742,1121
1,1,0,1,19.612,0,0,0,0,0,0,0,0,0.631885310290652,0.0,0.0325216025137469,0.0,0.046967792615868,0.0,0.0,0.0,0.0,0.0,0.0,0.0943362136684995,0.0556716417910447,0.0,0.0,0.0,0.0,0.0,0.1386174391201885,0,0,0,3.2710127632880286,5.321095953437376,1121
1,0,0,0,7.278,0,0,0,0,0,0,0,0,0.5272249781149695,0.0,0.0,0.0,0.0,0.0,0.0,0.0,0.0,0.0,0.1337613072658301,0.0,0.0,0.0,0.0,0.0,0.0,0.0,0.1638021593230229,0,0,0,3.745755883755633,9.14246947797988,221
1,1,0,1,6.426,0,0,0,0,0,0,0,0,0.716692851531815,0.0,0.0498664571877454,0.0,0.046967792615868,0.0,0.0,0.0,0.0,0.0,0.0556716417910447,0.0,0.0,0.0,0.0,0.0,0.0,0.0,0.0,0,0,0,3.441122974534475,10.739829450663786,1307
1,1,0,1,19.594,0,0,1,0,0,1,0,0,0.5920037436084735,0.0,0.0,0.0,0.0,0.0,0.0,0.0,0.0,0.0472516435354272,0.0,0.0,0.0,0.0,0.0,0.0,0.0,0.2961331263696128,0.0,1,1,0,3.837644227379048,5.969696840307156,808
1,0,0,0,19.112,0,0,0,0,0,0,0,0,0.0444697564807541,0.0,0.0,0.0,0.0,0.0,0.0,0.0,0.0,0.0,0.0,0.0,0.0,0.0,0.0,0.0,0.0,0.0,0.955530243519246,1,1,0,2.5772579108521865,8.014992928709242,1172
1,0,0,0,1.199,0,0,0,0,0,0,0,0,0.0,0.0,0.0,0.0,0.0,0.0,0.0,0.0,0.0,0.0,0.0,0.0,0.0,0.0,0.0,0.0,0.0,0.0,1.0,1,0,1,1.834180185112008,3.0727859029962823,869
1,1,1,0,42.146,0,0,0,0,0,0,0,0,0.0498664571877454,0.0,0.0444697564807541,0.0,0.0325216025137469,0.0,0.0,0.0556716417910447,0.0,0.0,0.0,0.0,0.0,0.0,0.0,0.0,0.0,0.0,0.8174705420267087,1,0,1,2.730985172384706,5.288418534368789,1031
1,1,0,1,22.790000000000006,0,0,0,0,0,0,0,0,0.09827965435978,0.0,0.1386174391201885,0.0,0.0,0.0,0.0,0.0,0.0,0.0,0.0,0.0,0.0,0.0,0.0,0.0,0.0,0.0,0.7631029065200314,1,0,0,3.510380581543648,10.21628268576292,1603
1,1,1,0,10.829,0,0,0,0,0,0,0,0,0.0498664571877454,0.0,0.0769913589945011,0.0,0.0,0.0,0.0,0.0,0.0,0.0,0.0,0.0,0.0,0.0,0.0,0.0,0.0,0.0,0.8731421838177535,1,1,0,2.7821676970201046,6.1316198903517405,1197
1,1,0,1,5.926,0,0,0,0,0,0,0,0,0.0,0.0,0.1386174391201886,0.0,0.0,0.0,0.0,0.0,0.0,0.0,0.0,0.0,0.0,0.0,0.0,0.0,0.0,0.0,0.8613825608798115,1,1,0,1.8287340720194163,5.997041467140179,1226
1,0,0,0,12.872000000000002,0,0,0,0,0,0,0,0,0.0,0.0498664571877454,0.0,0.0,0.09827965435978,0.0,0.0,0.0,0.0,0.0,0.0,0.0,0.0,0.0,0.0,0.0,0.0,0.0,0.8518538884524746,0,0,0,1.009781074961494,8.054982160852443,1587
1,1,1,0,19.12,0,0,0,0,0,0,0,0,0.4392930086410057,0.0,0.1293558523173604,0.0,0.0,0.0,0.0,0.0,0.0,0.0,0.0,0.0,0.0,0.0,0.0,0.0,0.0,0.0,0.4313511390416338,0,0,0,0.6232610530957788,9.345570059181744,1226
1,0,0,0,6.3130000000000015,0,0,0,0,0,0,0,0,0.6149882168106834,0.0,0.2935742340926943,0.0,0.0914375490966221,0.0,0.0,0.0,0.0,0.0,0.0,0.0,0.0,0.0,0.0,0.0,0.0,0.0,0.0,0,0,0,1.7705358327764285,3.751314201370256,1366
1,1,1,0,5.8690000000000015,0,0,0,0,0,0,0,0,0.0325216025137469,0.2617360565593087,0.255247446975648,0.0,0.0,0.0,0.0,0.0,0.0,0.1386174391201886,0.0,0.0,0.0,0.0,0.0,0.0,0.0,0.0,0.0,1,1,0,1.330517345650892,5.395062879405221,1253
1,1,0,1,9.399,0,0,0,0,0,0,0,0,0.0325216025137469,0.0,0.0,0.0,0.046967792615868,0.0,0.0,0.0,0.0,0.0,0.0,0.0,0.0,0.0,0.0,0.0,0.0,0.0,0.9205106048703848,0,0,0,0.7490548124982414,8.569601184296513,1264
1,1,1,0,20.991,0,0,0,0,0,0,0,0,0.0914375490966221,0.0,0.0325216025137469,0.0,0.0556716417910447,0.0,0.0,0.0,0.0,0.0,0.0,0.0,0.0,0.0,0.0,0.0,0.0,0.0,0.8203692065985861,0,0,0,3.3525672046940884,6.956348280859219,1275
1,0,0,0,22.333,0,0,0,0,0,0,0,0,0.1268578161822465,0.0,0.0720188531029065,0.0,0.046967792615868,0.0,0.0,0.0,0.0,0.0,0.0,0.0,0.0,0.0,0.0,0.0,0.0,0.0,0.754155538098979,0,0,0,1.1899752946820823,6.571224640655577,1310
1,1,1,0,24.731,0,0,0,0,0,0,0,0,0.0,0.0943362136684995,0.2562058130400629,0.0,0.0,0.0,0.0,0.0,0.0,0.0,0.0,0.0,0.0,0.0,0.0,0.0,0.0,0.0,0.5699685781618223,1,1,0,2.866989397661265,4.394584947921254,1319
1,1,1,0,17.584,0,0,0,0,0,0,0,0,0.0,0.0444697564807541,0.2562058130400629,0.0,0.046967792615868,0.0,0.0,0.0,0.0,0.0,0.0,0.0,0.0,0.0,0.0,0.0,0.0,0.0,0.5699685781618224,1,1,0,2.243365733334074,3.4174643541260274,1319
1,0,0,0,15.162,0,0,0,0,0,0,0,0,0.0,0.0943362136684995,0.2562058130400629,0.0,0.0,0.0,0.0,0.0,0.0,0.0,0.0,0.0,0.0,0.0,0.0,0.0,0.0,0.0,0.5699685781618223,1,1,0,3.2080575174323216,4.7062184170975705,1319
1,1,1,0,9.425,0,0,0,0,0,0,0,0,0.1268578161822465,0.0,0.0556716417910447,0.0,0.0,0.0,0.0,0.0,0.0,0.0,0.0,0.0,0.0,0.0,0.0,0.0,0.0,0.0,0.8174705420267087,1,1,0,3.8941848472982654,6.4810134175877705,1319
1,1,1,0,8.436,0,0,0,0,0,0,0,0,0.1268578161822465,0.0,0.0,0.0,0.0,0.0,0.0,0.0,0.0,0.0,0.0,0.0,0.0,0.0,0.0,0.0,0.0,0.0,0.8731421838177534,1,1,0,1.229640551074514,5.054951975080215,1368
1,0,0,0,4.198,0,0,0,0,0,0,0,0,0.0325216025137469,0.0,0.0,0.0,0.0720188531029065,0.0,0.0,0.0,0.0,0.0,0.0,0.0,0.0,0.0,0.0,0.0,0.0,0.0,0.8954595443833465,1,0,1,2.287877464121771,6.058309780737473,1379
1,1,0,1,13.556,0,0,0,0,0,0,0,0,0.0,0.0,0.0325216025137469,0.0,0.0,0.0,0.0,0.0,0.0,0.0,0.0,0.0,0.0,0.0,0.0,0.0,0.0,0.0,0.9674783974862532,1,1,0,3.888099097308773,7.610422004551045,1379
1,0,0,0,2.7510000000000003,0,0,0,0,0,0,0,0,0.2773998428908091,0.0,0.1825294579732912,0.3031736056559309,0.0,0.0,0.0,0.0,0.0,0.0,0.2368970934799686,0.0,0.0,0.0,0.0,0.0,0.0,0.0,0.0,0,0,0,1.6778439450981608,3.966359664081121,1392
1,1,0,1,12.389,0,0,0,0,0,0,0,0,0.3838963079340141,0.0,0.046967792615868,0.0,0.0,0.0,0.0325216025137469,0.0,0.0,0.0,0.0,0.0,0.0,0.0,0.0,0.0,0.0,0.0444697564807541,0.4921445404556167,1,1,0,1.7715567619105357,9.517038733229285,1549
1,0,0,0,0.008,0,0,0,0,0,0,0,0,0.09827965435978,0.0,0.0,0.0,0.0,0.0498664571877454,0.0,0.0,0.0,0.0,0.4615868028279655,0.0,0.0,0.0,0.0,0.0,0.0,0.0,0.3345954438334642,0,0,0,-1.2378743560016174,4.538485363192095,1409
1,1,0,1,9.196,0,0,0,0,0,0,0,0,0.0,0.0,0.0,0.0,0.0,0.0,0.0,0.0,0.0,0.0,0.0,0.0,0.0,0.0,0.0,0.0,0.0,0.0,1.0,1,1,0,1.8198608993389296,4.977161237238539,1726
1,0,0,0,2.3600000000000003,0,0,0,0,0,0,0,0,0.0556716417910447,0.0,0.0444697564807541,0.0,0.0,0.0,0.0,0.0,0.0,0.0,0.0,0.0,0.0,0.0,0.0,0.0,0.0,0.0,0.8998586017282011,0,0,0,1.775121828075032,5.5995250540689385,1445
1,1,1,0,5.104,0,0,0,0,0,0,0,0,0.079489395129615,0.0,0.0444697564807541,0.0,0.0498664571877454,0.0,0.0,0.0,0.0,0.0,0.0,0.0,0.0,0.0,0.0,0.0,0.0,0.0,0.8261743912018855,0,0,0,2.0458847581509936,5.9986015182327534,1445
1,1,1,0,8.633000000000001,0,0,0,0,0,0,0,0,0.2368970934799686,0.0,0.0943362136684995,0.0,0.046967792615868,0.0,0.0,0.0,0.0720188531029065,0.4941084053417126,0.0,0.0,0.0,0.0,0.0,0.0,0.0,0.0,0.0556716417910447,1,1,0,-1.6144504542576452,5.3380331494417605,1416
1,0,0,0,28.829,0,0,0,0,0,0,0,0,0.0325216025137469,0.0,0.0,0.0,0.0,0.0,0.0,0.0,0.0,0.0,0.0,0.0,0.0,0.0,0.0,0.0,0.0,0.0,0.9674783974862532,1,1,0,2.484823312982252,3.7927213172024734,1082
1,0,0,0,4.487,0,0,0,0,0,0,0,0,0.0,0.0720188531029065,0.0,0.0,0.0,0.0,0.0,0.0,0.0,0.0,0.0,0.0,0.0,0.0,0.0,0.0,0.0,0.0,0.9279811468970934,0,0,0,2.078566158643882,5.921326377159916,1447
1,0,0,0,300.0,0,0,0,0,0,0,0,0,0.0,0.0,0.0,0.0,0.0,0.0,0.0,0.0,0.0,0.0,0.0,0.0,0.0,0.0,0.0,0.0,0.0,0.0,1.0,0,0,0,5.703782474656201,11.26081642249564,734
1,0,0,0,6.760000000000002,0,0,0,0,0,0,0,0,0.1942890809112333,0.0,0.0,0.0,0.0,0.0,0.0,0.0,0.0,0.0,0.0,0.2887274155538099,0.0,0.0,0.0,0.0,0.0,0.0,0.5169835035349567,1,0,1,1.56234630490025,5.177058923654104,869
1,1,1,0,8.175,0,0,0,0,0,0,0,0,0.1471091908876669,0.0,0.0,0.0,0.0,0.0,0.0,0.0,0.7705027494108407,0.0,0.0,0.0,0.0,0.0,0.0,0.0,0.0,0.0,0.0823880597014923,1,1,0,5.434917794860968,8.430976698422601,1458
1,0,0,0,0.531,0,0,0,0,1,0,0,0,0.2562058130400629,0.3909662215239592,0.0,0.0,0.0,0.0,0.0,0.0720188531029065,0.0,0.2251374705420265,0.0,0.0,0.0,0.0,0.0,0.0,0.0,0.0,0.0,0,0,0,2.069391205826334,6.270133624270327,1463
1,1,1,0,9.468,0,0,0,0,0,1,0,0,0.0323838826472735,0.0712321103911239,0.0,0.0,0.0,0.0,0.0,0.0,0.0003185554674994,0.0172253041816232,0.0,0.0,0.0,0.0,0.0,0.0,0.0,0.0,0.8121765885040328,0,0,0,2.360854001118021,8.560316088828044,299
1,0,0,0,10.532,0,0,0,0,0,0,0,0,0.0515427086716465,0.0,0.0,0.0,0.0,0.0,0.0,0.0,0.0744397531666125,0.0,0.0,0.0,0.0,0.0,0.0,0.0,0.0,0.0,0.874017538161741,0,0,0,2.8780179855344348,8.73940238635545,221
1,1,1,0,0.125,0,0,0,0,0,0,0,0,0.0,0.0444697564807541,0.0,0.0,0.0,0.0,0.0,0.0,0.0,0.0,0.0,0.0,0.0,0.0,0.0,0.0,0.0,0.046967792615868,0.8760408483896309,1,1,0,1.1631508098056809,7.735144849348194,1229
1,0,0,0,1.6369999999999998,0,0,0,0,0,0,0,0,0.0,0.0325216025137469,0.0,0.0,0.0,0.0,0.0,0.0,0.0,0.0,0.0,0.0,0.0,0.0,0.0,0.0,0.0,0.0444697564807541,0.923008641005499,0,0,0,1.0462658082959004,11.018858166108018,1229
1,0,0,0,1.217,0,0,0,0,0,0,0,0,0.046967792615868,0.0,0.0,0.0,0.0,0.0,0.0,0.0,0.0,0.09827965435978,0.0,0.0,0.0,0.0,0.0,0.0,0.0,0.0,0.8102827965435978,1,1,0,2.899221373173148,5.793208711301551,1557
1,1,1,0,12.029000000000002,0,0,0,0,0,0,0,0,0.0,0.0,0.0,0.0,0.0,0.0,0.0,0.0,0.0,0.0,0.0,0.0,0.0,0.0,0.0,0.0,0.0,0.0,1.0,1,1,0,-0.3566749439387323,6.917199541210118,1561
1,1,0,1,14.469,0,0,0,0,0,0,0,0,0.7928201099764338,0.0325216025137469,0.1276904948939512,0.0,0.0,0.0,0.0,0.0,0.0,0.0,0.0,0.0,0.0,0.0,0.0,0.0,0.0,0.046967792615868,0.0,1,0,1,2.2009952372324126,5.245686335684638,1578
1,1,1,0,37.576,0,0,0,0,0,0,0,0,0.3031736056559309,0.0,0.1386174391201885,0.0,0.0,0.0,0.0,0.0,0.0,0.09827965435978,0.0,0.0,0.0,0.0,0.0,0.0,0.0,0.1045404556166534,0.0556716417910447,0,0,0,3.063531099118426,3.8172286925416,1567
1,1,0,1,22.918000000000006,0,0,0,0,0,0,0,0,0.1268578161822465,0.0,0.0,0.0,0.0,0.0,0.0,0.0,0.0,0.0,0.0,0.0,0.0,0.0,0.0,0.0,0.0,0.0,0.8731421838177535,0,0,0,1.85081423200937,11.166517265752624,1219
1,1,0,1,2.7,0,0,0,0,0,0,0,0,0.3102008484049839,0.0306491852795071,0.0004293847213069,0.0,0.0,0.0,0.0,0.0,0.0,0.0,0.0,0.0,0.0,0.0,0.0,0.0,0.0,0.0,0.6420856252359767,1,1,0,0.4793349566746198,7.205248316140432,1096
1,1,1,0,16.59,0,0,0,0,0,0,0,0,0.0,0.0,0.0,0.0,0.0,0.0,0.0,0.0,0.0,0.0,0.0,0.0,0.0,0.0,0.0,0.0,0.0,0.0,1.0,1,1,0,2.509680559886648,8.39453413727989,1578
1,0,0,0,78.509,0,0,0,0,0,0,0,0,0.0325216025137469,0.0,0.0968342498036134,0.0,0.0,0.0,0.0,0.0,0.0,0.0,0.0,0.0,0.0,0.0,0.0,0.0,0.0,0.0,0.8706441476826396,1,1,0,3.438171984453517,7.329379128589188,1726
1,1,0,1,22.727,0,0,0,0,0,1,0,0,0.1806677140612724,0.0,0.0,0.0,0.0556716417910447,0.1830871956009427,0.0,0.0,0.0,0.0,0.0,0.0,0.0,0.0,0.0,0.0,0.0720188531029065,0.0,0.0,0,0,0,3.6361640964419424,6.544574935024894,1620
1,0,0,0,0.272,0,0,0,0,0,0,0,0,0.2329536527886881,0.0,0.130801256873527,0.0,0.0,0.0,0.0,0.0,0.0,0.0,0.0556716417910447,0.2562058130400629,0.0,0.0,0.0,0.0,0.0,0.0,0.3243676355066771,0,0,0,1.8910013038777045,5.3214526696001565,1635
1,0,0,0,5.218999999999999,0,0,0,0,0,0,0,0,0.3645875883739198,0.0,0.0,0.0,0.0,0.0,0.0,0.0,0.3006755695208171,0.0,0.0,0.0,0.0,0.0,0.0,0.0,0.0,0.0,0.2848703849175176,0,0,0,2.791103756237496,6.683248298620822,1395
1,1,0,1,7.432,0,0,0,0,0,0,0,0,0.0,0.0,0.1490102120974076,0.0,0.0,0.0,0.0,0.0,0.0,0.0,0.0,0.0,0.0,0.0,0.0,0.0,0.0,0.0,0.8509897879025924,0,0,0,4.750170557715764,9.023890304598448,175
1,0,0,0,34.39,0,0,0,0,0,0,0,0,0.0,0.0,0.0,0.0,0.0,0.0,0.0,0.046967792615868,0.0,0.0,0.0,0.0,0.0,0.0,0.0,0.0,0.0,0.0,0.953032207384132,0,0,0,2.997380913799516,6.088561765570781,881
1,1,0,1,6.324000000000002,0,0,0,0,0,0,0,0,0.0943362136684995,0.0,0.0,0.0,0.0720188531029065,0.0,0.0,0.0,0.0,0.0,0.0,0.0,0.0,0.0,0.0,0.0,0.0,0.0,0.8336449332285939,0,0,0,5.027630061472117,10.96974605663608,1730
1,1,0,1,12.011,0,0,0,0,0,0,0,0,0.0,0.0,0.0,0.0,0.0,0.0,0.0,0.0,0.0325216025137469,0.0,0.0,0.0,0.0,0.0,0.0,0.0,0.0,0.0,0.9674783974862532,1,1,0,4.098436180125354,5.318629667859915,792
1,0,0,0,7.215000000000002,0,0,0,0,1,1,0,0,0.255247446975648,0.0,0.0,0.0,0.0,0.0,0.0,0.09827965435978,0.0,0.0,0.0,0.0,0.0325216025137469,0.0,0.0,0.0,0.0,0.2857266300078555,0.3282246661429694,0,0,0,3.224022557687731,5.302159974265488,1753
1,0,0,0,0.132,0,0,0,0,1,1,0,0,0.2053809897879026,0.0,0.0,0.0,0.0,0.0,0.0,0.09827965435978,0.0,0.0,0.0,0.0,0.0,0.0,0.0,0.0,0.0,0.3681146897093479,0.3282246661429694,0,0,0,2.58851563240702,4.2915957815703605,1753
1,1,1,0,18.09800000000001,0,0,0,0,0,0,0,0,0.0720188531029065,0.0,0.2877690494893949,0.0,0.0,0.0,0.0,0.0,0.0,0.0,0.0,0.0,0.1386174391201885,0.0,0.0,0.1026394344069127,0.0,0.0,0.3006755695208171,1,0,1,2.334083760053417,5.011388343816462,1753
1,1,0,1,1.1980000000000002,0,0,0,0,1,0,0,0,0.3938648860958366,0.09827965435978,0.2562058130400629,0.0,0.0,0.0,0.0,0.0444697564807541,0.0,0.0,0.0,0.0,0.0,0.0,0.0,0.0,0.0,0.0,0.2071798900235662,1,0,1,1.7982384353257643,3.351656936102019,463
1,0,0,0,2.18,0,0,0,0,0,0,0,0,0.049432832859316,0.0,0.0,0.0,0.0,0.0,0.0,0.0,0.0,0.0,0.0,0.0,0.0,0.0,0.0,0.0,0.0,0.0,0.950567167140684,0,0,0,2.695842657994465,10.769460787461728,99
1,1,1,0,6.707999999999999,0,0,0,0,0,1,0,0,0.1863653165760153,0.0,0.1321328615937054,0.0,0.0,0.0,0.0,0.0,0.4478006019960923,0.0670433542799808,0.0,0.0,0.0,0.0,0.0,0.0,0.0,0.0,0.166657865554206,1,1,0,2.419656764579883,5.754697364124307,133
1,0,0,0,34.238,0,0,0,0,0,1,1,0,0.0870717702609756,0.3230086785832967,0.0,0.0,0.0547685839921483,0.0,0.0,0.0,0.0,0.252049861281772,0.0,0.0,0.0,0.0,0.0,0.0,0.0,0.0,0.2020494748800223,0,0,0,5.16364818402887,11.140174665543611,902
1,0,0,0,13.289,0,1,1,0,1,0,0,0,0.5360867308418269,0.0,0.0,0.0,0.0,0.0,0.0,0.1475910721026803,0.0,0.0,0.0,0.0,0.0,0.0,0.0,0.0,0.0,0.0,0.0,1,1,0,1.9722738384863057,5.452706589350228,289
1,1,1,0,95.56,0,0,0,0,0,0,0,0,0.0943362136684995,0.0,0.0,0.0,0.0,0.046967792615868,0.0,0.0325216025137469,0.0,0.0,0.0,0.0,0.0,0.0,0.0,0.0,0.0,0.0,0.8261743912018854,0,0,0,1.100277567987171,5.988846122023114,1250
1,0,0,0,1.58,0,0,0,0,0,0,0,0,0.0,0.0,0.0864483477716139,0.0,0.0,0.913551652228386,0.0,0.0,0.0,0.0,0.0,0.0,0.0,0.0,0.0,0.0,0.0,0.0,0.0,0,0,0,2.03914024490631,8.461171472470266,336
1,1,0,1,13.972,0,0,0,0,0,0,0,0,0.6722230950510607,0.0,0.3277769049489393,0.0,0.0,0.0,0.0,0.0,0.0,0.0,0.0,0.0,0.0,0.0,0.0,0.0,0.0,0.0,0.0,1,0,1,1.7155981082624912,6.462580057984174,1622
1,1,1,0,13.826,0,0,0,0,0,0,0,0,0.0,0.0,0.0,0.0,0.0,0.0,0.0,0.0,0.0,0.0,0.0,0.0,0.0,0.0,0.0,0.0,0.0,0.0,1.0,1,1,0,3.040849032357114,5.137044718941789,147
1,1,1,0,29.616000000000003,0,0,0,0,1,1,0,0,0.0,0.0,0.0,0.3426809279650333,0.0,0.0,0.0,0.0963268050769101,0.0,0.0,0.4507964192653611,0.0,0.0,0.0,0.0,0.0,0.0,0.0,0.0,1,1,0,2.6182713618554243,3.661508257317805,381
1,1,0,1,34.408,0,0,0,0,0,0,0,0,0.0,0.0,0.0325216025137469,0.0,0.0,0.0,0.0,0.0,0.0,0.0,0.0,0.0,0.0,0.0,0.0,0.0,0.0,0.0,0.9674783974862532,1,1,0,2.262908275841147,7.065726935286552,382
1,1,1,0,9.302,0,0,0,0,0,0,0,0,0.0,0.0,0.034228454262848,0.0,0.0,0.0,0.0,0.0,0.0,0.0,0.0,0.0,0.0,0.0,0.0,0.0,0.0,0.0,0.965771545737152,1,1,0,2.318458442150336,4.827953672486745,382
1,1,0,1,9.2,0,0,0,0,0,0,0,0,0.0498664571877454,0.0,0.0325216025137469,0.0,0.0,0.0,0.0,0.0,0.0,0.0,0.0,0.0,0.0,0.0,0.0,0.0,0.0,0.0,0.9176119402985076,1,1,0,3.3393928974150384,4.233497623614676,463
1,1,1,0,10.762,0,0,0,0,0,0,0,0,0.1055380989787901,0.0,0.0444697564807541,0.0,0.0325216025137469,0.0,0.0,0.0,0.0,0.0,0.0,0.0,0.0,0.0,0.0,0.0,0.0,0.0,0.8174705420267088,1,1,0,2.813550706960951,3.676325988042316,463
1,1,1,0,36.465,0,0,0,0,0,0,0,0,0.0,0.0,0.0,0.0,0.0,0.0,0.0,0.0,0.0,0.0,0.0,0.0,0.0,0.0,0.0,0.0,0.0,0.0,1.0,1,1,0,2.7209664263687565,10.159694089361004,1558
1,0,0,0,31.453000000000007,0,0,0,0,0,0,0,0,0.0,0.0,0.2562058130400629,0.0,0.0,0.0,0.0,0.0,0.0,0.0,0.0,0.0,0.0,0.0,0.0,0.0,0.0,0.0325216025137469,0.71127258444619,1,1,0,3.738978285414401,7.871360038452966,1726
1,0,0,0,5.5950000000000015,0,0,0,0,0,0,0,0,0.1386174391201885,0.0,0.0498664571877454,0.0,0.046967792615868,0.0,0.4615868028279655,0.0,0.0,0.0,0.0720188531029065,0.0,0.0,0.0,0.0,0.0,0.0,0.0769913589945011,0.1539512961508247,0,0,0,3.9318844545237015,4.878466781852021,1549
1,1,1,0,33.660000000000004,0,0,0,0,0,0,0,0,0.0,0.0,0.0,0.0,0.0720188531029065,0.0,0.0,0.0,0.0,0.0,0.0,0.0,0.0,0.0,0.0,0.0,0.0,0.0,0.9279811468970934,1,1,0,2.051042067158138,5.190019206902868,1587
1,1,1,0,1.132,0,0,0,0,0,0,0,0,0.0325216025137469,0.0,0.0,0.0,0.0444697564807541,0.0,0.0,0.0,0.0,0.0,0.2053809897879026,0.0,0.0,0.0,0.0,0.0,0.0,0.0,0.7176276512175963,1,0,1,3.178595350366177,3.8255932774297583,463
1,1,0,1,8.737,0,0,0,0,0,1,0,0,0.0,0.0,0.0,0.0,0.0,0.0,0.0,0.0,0.0,0.0,0.0,0.0,0.0,0.0,0.0,0.0,0.0,0.0,1.0,0,0,0,5.703782474656201,7.805726834702178,720
1,1,0,1,4.968999999999999,0,0,0,0,0,0,0,0,0.0,0.0,0.0,0.0,0.0,0.0,0.0,0.0,0.0,0.0,0.0,0.0,0.0,0.0,0.0,0.0,0.0,0.0,1.0,1,1,0,-0.352398387171472,6.222754823557961,1226
1,1,1,0,9.811,0,0,0,0,0,0,0,0,0.079489395129615,0.0,0.0,0.0,0.0,0.0,0.0,0.0,0.0,0.0,0.0,0.0,0.0,0.0,0.0,0.0,0.0,0.0,0.9205106048703848,0,0,0,0.2183319943169877,5.71195234353944,1453
1,0,0,0,21.989,0,0,0,0,0,0,0,0,0.2523487824037706,0.0,0.0769913589945011,0.0720188531029065,0.2562058130400629,0.0,0.0,0.0,0.0,0.0556716417910447,0.0,0.0,0.0,0.0,0.0498664571877454,0.0,0.0,0.0,0.0,0,0,0,1.1622128700777044,12.468367134486488,1139
0,0,0,0,17.62,0,1,0,0,0,0,0,0,0.7369699646643111,0.0,0.0506183745583038,0.0,0.0330112632508833,0.0,0.0,0.0,0.0,0.0,0.0,0.0,0.0,0.0,0.0,0.0,0.0,0.0,0.0,0,0,0,1.50585359617753,4.208610308350444,616
0,1,1,0,26.456000000000003,0,1,0,0,0,0,0,0,0.5215602915194347,0.0,0.0897471289752649,0.0,0.0,0.0,0.0,0.0,0.0,0.0312555212014134,0.0,0.0,0.0,0.0,0.0,0.0,0.0,0.0,0.3574370583038869,1,0,1,5.703782474656201,7.855575685186871,622
0,0,0,0,23.659,0,0,0,0,0,0,0,0,0.5195229681978799,0.0,0.0350485865724381,0.0,0.0897471289752649,0.0,0.0,0.0,0.0,0.0,0.0,0.0,0.0,0.0,0.0,0.0,0.0,0.0,0.355681316254417,0,0,0,2.061022956155818,8.345883026113835,626
0,0,0,0,104.613,0,0,0,0,0,0,0,1,0.1050019308088953,0.0,0.2576096585875565,0.0,0.3291461281602799,0.0,0.0,0.0,0.0,0.0,0.0,0.0,0.0,0.0,0.0,0.0,0.0,0.0,0.2721929445971423,0,0,0,4.567187905660213,6.565355106817989,626
0,0,0,0,7.942,0,0,0,0,0,0,0,0,0.3200088339222616,0.0,0.3139189487632509,0.0,0.1509496466431095,0.0,0.0,0.0,0.0,0.0350485865724381,0.0,0.0,0.0,0.0,0.0,0.0,0.0,0.0,0.1800739840989399,1,0,1,2.353563337758675,4.4511444983489845,626
0,0,0,0,119.914,0,0,0,0,0,0,0,1,0.6145707925402633,0.0,0.1112940962678599,0.0,0.0,0.0,0.0,0.0,0.0,0.089612248143016,0.0,0.0,0.0,0.0,0.0,0.0,0.0,0.0,0.1845228630488607,0,0,0,2.07216513270906,5.368906296988325,626
0,1,1,0,22.313,0,0,0,0,0,1,0,0,0.17930101590106,0.0,0.3921488515901061,0.0,0.0,0.0,0.0,0.0,0.0,0.0,0.0,0.0,0.0690757508833922,0.0,0.0,0.0,0.0,0.0,0.3594743816254416,1,1,0,2.8683533442241607,5.051418887879212,632
0,1,0,1,22.00500000000001,0,1,0,0,0,0,0,0,0.0391287544169611,0.0,0.0350485865724381,0.0,0.0,0.0,0.0,0.0,0.0,0.0,0.0,0.0,0.0,0.0,0.0,0.0,0.0,0.0,0.9258226590106008,1,1,0,2.0861688624292625,5.938575242932005,642
0,0,0,0,12.171,0,0,0,0,0,0,0,1,0.0959705007369377,0.0,0.0148203340421711,0.0,0.0680430088813231,0.0002882486988017,0.0,0.0,0.0,0.02696484997471,0.0,0.0,0.0,0.0,0.0,0.0,0.0,0.0,0.7936900728235867,0,0,0,0.3674170404706346,8.123404547298264,643
0,0,0,0,7.132999999999999,0,0,0,0,0,0,0,1,0.0959705007369377,0.0,0.0303803251227773,0.0,0.1065867547003573,0.0001250890579706,0.0,0.0,0.0,0.0340840489696467,0.0,0.0,0.0,0.0,0.0,0.0,0.0,0.0,0.7326302965698409,0,0,0,1.806976435032916,11.34523330678144,643
0,1,1,0,47.75899999999999,0,1,0,0,0,0,0,0,0.0,0.0,0.0330112632508833,0.0,0.0,0.0,0.0,0.0,0.0312555212014134,0.1041243374558303,0.0,0.0,0.0,0.0,0.0,0.0,0.0,0.0,0.8316088780918729,1,1,0,2.595851543739727,5.180957366399514,687
0,0,0,0,2.382,0,0,0,0,0,0,0,0,0.3200088339222616,0.0,0.5290415194346288,0.0,0.0,0.0,0.119694125441696,0.0,0.0,0.0,0.0,0.0,0.0,0.0,0.0,0.0,0.0,0.0,0.0,0,0,0,0.8833542316278902,10.68423863659053,713
0,0,0,0,6.367999999999999,0,0,0,0,0,0,0,0,0.4397029593639576,0.0,0.3886925795053004,0.0,0.0,0.0,0.0,0.0,0.0,0.0350485865724381,0.0,0.0,0.0974271201413427,0.0,0.0,0.0,0.0,0.0,0.0,1,1,0,3.0456646423022,10.385048420124791,713
0,0,0,0,0.531,0,0,0,0,0,0,0,0,0.4994092314487633,0.0,0.1286826413427562,0.0,0.0,0.0,0.0,0.0,0.0,0.0330112632508833,0.0,0.0,0.0,0.0,0.0,0.0,0.0,0.0,0.3388968639575971,0,0,0,2.586635579211777,10.379679680958946,713
0,1,0,1,5.825,0,1,1,0,0,0,0,0,0.4393025290076924,0.0,0.0408294527772774,0.0,0.0,0.0,0.0,0.0,0.0,0.0,0.0,0.0,0.0,0.0,0.0,0.0,0.0,0.0384560961177287,0.4814119220973012,1,1,0,3.249676574020913,4.047340302375776,739
0,0,0,0,3.181,0,0,0,0,0,1,0,1,0.4293551098289531,0.0,0.0,0.0,0.0,0.0,0.0,0.0,0.0,0.0321479681075801,0.0,0.1484735252027349,0.0,0.0,0.0,0.0,0.0,0.2615110283261022,0.1050019308088953,0,0,0,3.3526371910467785,3.820346216856242,764
0,1,1,0,9.648,0,0,0,0,0,1,0,0,0.0,0.0703842756183745,0.2657409452296819,0.0,0.0,0.0,0.0,0.0,0.0,0.0330112632508833,0.0,0.0,0.0,0.0,0.0,0.0,0.0,0.0,0.5617877650176679,1,1,0,2.350994232201733,5.003536826146894,777
0,1,1,0,15.606000000000002,0,0,0,0,0,0,1,1,0.5934081968225109,0.0232334966412444,0.0,0.0,0.0,0.0,0.0,0.0,0.0,0.0,0.0,0.0,0.0,0.0,0.0317692812768321,0.0,0.0,0.0,0.3515890252594126,1,1,0,3.1357550514738186,4.421283404869408,779
0,0,0,0,5.524,0,0,0,0,0,0,0,0,0.0,0.0,0.0330112632508833,0.0,0.0350485865724381,0.0,0.0,0.0,0.0,0.0312555212014134,0.0,0.0,0.0,0.0,0.0,0.0,0.0,0.0,0.9006846289752651,1,1,0,2.674769146533548,9.313357052998352,810
0,1,1,0,11.646,0,0,0,0,0,0,0,0,0.0391287544169611,0.0,0.0,0.0,0.2417789310954064,0.0,0.0,0.0,0.0,0.0,0.0,0.0,0.0,0.0,0.0,0.0,0.0,0.0,0.7190923144876326,0,0,0,3.576158584049818,5.310033464249601,832
0,0,0,0,33.063,0,0,0,0,0,1,0,0,0.0856669611307419,0.0,0.0,0.0,0.0,0.0,0.0,0.0,0.0,0.0,0.0,0.0,0.0,0.0,0.0,0.0,0.0,0.0,0.914333038869258,1,1,0,2.5974910105351463,4.739727302378084,859
0,0,0,0,3.052,0,1,0,0,0,0,0,0,0.4035096302819771,0.0307744997309066,0.0,0.0,0.0,0.0,0.0,0.0,0.0,0.0,0.0,0.0,0.0,0.0,0.0,0.0,0.0,0.0,0.5657158699871161,0,0,0,0.9266370239282992,2.928256108429077,869
0,1,1,0,5.553999999999999,0,1,0,0,0,1,0,0,0.0,0.0,0.0,0.0,0.0,0.0,0.0,0.0,0.0,0.0312555212014134,0.0,0.0,0.0,0.0,0.0,0.0,0.0,0.0,0.9687444787985866,0,0,0,1.4511453334395072,6.869940217437576,869
0,1,1,0,41.325,0,0,0,0,0,0,0,0,0.0,0.0,0.0,0.0,0.1665028710247349,0.0,0.0,0.0,0.0391287544169611,0.0993153710247349,0.0,0.0,0.0,0.0,0.0,0.0,0.0,0.0,0.695053003533569,0,0,0,3.0482298425117453,10.631872404266426,877
0,0,0,0,106.216,0,1,0,0,0,0,1,0,0.0,0.0,0.0928748785490661,0.0,0.0,0.0,0.0,0.0,0.1760498758501565,0.0,0.0,0.0,0.0,0.0,0.0,0.0,0.0,0.0,0.7310752456007773,1,1,0,4.0862955893084285,5.089772976973754,878
0,0,0,0,3.953,0,0,0,0,0,1,0,0,0.0350485865724381,0.0,0.5507011925795053,0.0,0.0,0.0,0.0,0.0,0.0,0.0312555212014134,0.0,0.0,0.0,0.0,0.0,0.0,0.0,0.0974271201413427,0.2855675795053003,0,0,0,2.773837941640213,7.83023164034337,885
0,1,1,0,6.154000000000001,0,0,0,0,0,0,0,0,0.1762643551236748,0.0,0.0506183745583038,0.0,0.0,0.0,0.0,0.0,0.0,0.0,0.0,0.0,0.0,0.0,0.0,0.0,0.0,0.0,0.7731172703180214,1,1,0,2.8987807474775407,6.449711840655116,885
0,1,1,0,17.395,0,0,0,0,0,1,0,0,0.0391287544169611,0.0,0.0,0.0,0.0,0.0,0.0,0.0,0.0,0.0312555212014134,0.0,0.0,0.0,0.0,0.0,0.0,0.0,0.0,0.8945671378091874,0,0,0,3.156745069401694,12.061389803112132,922
0,1,1,0,11.419,0,0,0,0,0,0,0,0,0.0,0.0,0.0,0.0,0.0,0.0,0.0,0.0,0.0,0.0,0.0,0.0,0.0,0.0,0.0,0.0,0.0,0.0,0.9336958922261483,0,0,0,4.313426543181625,9.568230457331452,922
0,0,0,0,4.4940000000000015,0,1,0,0,0,0,0,0,0.3448664545808252,0.0,0.0323907719772045,0.331632069210171,0.0,0.0,0.0,0.0,0.0,0.0,0.0405499736799944,0.1009658297667818,0.0,0.0,0.0,0.0,0.0,0.0,0.0,1,1,0,1.5692407226826872,10.918146420261134,943
0,0,0,0,63.52500000000001,0,0,0,0,0,0,0,0,0.0312555212014134,0.0,0.0,0.0,0.0,0.0,0.0,0.0,0.0,0.0,0.0,0.0,0.0,0.0,0.0,0.0,0.0,0.0,0.9687444787985866,1,0,1,2.342766882626877,3.919375906473329,975
0,1,0,1,6.091,0,1,0,0,0,0,0,0,0.4241331713780918,0.0,0.0391287544169611,0.1443518109540635,0.0506183745583038,0.0,0.0,0.0,0.0330112632508833,0.0,0.0974271201413427,0.0,0.0,0.0,0.0,0.0,0.0,0.0,0.0,1,1,0,3.1081677028837795,5.201608208630003,1008
0,0,0,0,8.391,0,0,0,0,0,1,0,1,0.0,0.0,0.0235104377257342,0.0,0.0,0.0,0.0,0.0,0.0,0.0,0.0,0.0,0.0,0.0,0.0,0.0,0.0,0.0,0.976489562274266,0,0,0,1.7190095488633916,5.192206569499506,1026
0,0,0,0,3.3080000000000003,0,0,0,0,0,0,0,1,0.1298582559116824,0.0,0.6849260613770075,0.0,0.0,0.0,0.0,0.0,0.0,0.18521568271131,0.0,0.0,0.0,0.0,0.0,0.0,0.0,0.0,0.0,0,0,0,1.9090979616452883,5.236505790580149,1026
0,1,1,0,4.128,0,0,0,0,0,0,0,0,0.351264355123675,0.0,0.1071886042402825,0.0,0.0,0.0,0.2417789310954063,0.0,0.0,0.0506183745583038,0.0,0.0,0.0,0.0,0.0,0.0,0.0,0.0,0.1800739840989399,1,1,0,2.6774535271247424,3.507956918233689,1026
0,0,0,0,1.0730000000000002,0,0,0,0,0,0,0,0,0.5844491046943057,0.1138635263752218,0.0385804161961606,0.0,0.080729149862881,0.0,0.0,0.0,0.0,0.1366478464268429,0.0,0.0,0.0,0.0,0.0,0.0,0.0,0.0,0.0457299564445878,0,0,0,1.4611698957649977,4.409459392075121,1026
0,0,0,0,3.556,0,1,1,0,0,1,0,0,0.5901536244226802,0.3727603262471747,0.0,0.0,0.0,0.0,0.0,0.0,0.0,0.0,0.0,0.0,0.0,0.0,0.0,0.0,0.0,0.0,0.0,0,0,0,1.5131472521158142,6.369770837373373,1033
0,1,1,0,28.367,0,0,0,0,0,0,0,0,0.0,0.0690757508833922,0.1054328621908126,0.0,0.0,0.0974271201413427,0.0,0.0,0.0,0.0836296378091872,0.0,0.0,0.0,0.0,0.0,0.0,0.0,0.0,0.1443518109540635,1,1,0,2.976192611679374,5.086632908322721,1048
0,1,0,1,5.904000000000001,0,1,0,0,0,0,0,0,0.0330112632508833,0.0,0.5507011925795053,0.0,0.0391287544169611,0.0,0.0,0.0,0.0,0.0,0.1443518109540635,0.0,0.0,0.0,0.0,0.0,0.0,0.0,0.2328069787985865,1,1,0,2.7591234712862107,4.8212730094459975,1083
0,1,1,0,7.252000000000002,0,0,0,0,0,1,0,0,0.0,0.0,0.0370378038176471,0.0,0.0760009937476707,0.0,0.0,0.0,0.0,0.0,0.0,0.0,0.0,0.0,0.0,0.0,0.0,0.0003881826839468,0.8865730197507352,1,1,0,2.549601408719812,5.119220604509697,1114
0,1,0,1,3.3760000000000003,0,0,0,0,0,1,0,1,0.000282110402821,2.1700800217008022e-05,0.0620642886206427,1.0850400108504011e-05,9.765360097653612e-05,0.0004611420046113,5.425200054252006e-06,0.0,0.0002061576020615,0.0127166689271662,0.0,7.595280075952808e-05,0.0,2.170080021700803e-05,0.0,0.0,0.0001247796012477,0.0,0.9234395768343964,1,0,0,2.7804948859983787,10.647963006871835,1114
0,0,0,0,8.715,0,0,0,0,0,0,0,0,0.0974271201413427,0.0,0.0,0.0,0.0,0.0,0.0,0.0,0.0,0.0312555212014134,0.0,0.0,0.0,0.0,0.0,0.0,0.0,0.0,0.8713173586572438,1,1,0,2.647663051087115,10.980943771417838,1117
0,1,0,1,8.573,0,0,0,0,0,0,0,1,0.0,0.0,0.0,0.0,0.0,0.0,0.0,0.0,0.0,0.0,0.0,0.0,0.0,0.0,0.0,0.0,0.0,0.0,1.0,0,0,0,1.2778736121654704,7.62059674763645,1121
0,1,0,1,7.814,0,0,0,0,0,1,0,1,0.0,0.0,0.0,0.0,0.0,0.0,0.0,0.0,0.0,0.0235104377257342,0.0,0.0,0.0,0.0,0.0,0.0,0.0,0.0,0.976489562274266,1,1,0,3.548524836141288,5.818544655826407,1121
0,0,0,0,185.051,0,1,0,0,0,0,0,0,0.2775011042402828,0.0,0.4643606448763251,0.0,0.1003312720848056,0.0,0.0,0.0,0.0,0.0391287544169611,0.0,0.0,0.0680598498233214,0.0,0.0,0.0,0.0,0.0,0.0,1,1,0,0.4743690867553756,11.07838472787352,1121
0,0,0,0,300.0,0,1,0,0,0,0,0,0,0.219202738515901,0.0,0.4994092314487632,0.0,0.119694125441696,0.0,0.0,0.0,0.0,0.0330112632508833,0.0,0.0,0.0312555212014134,0.0,0.0,0.0,0.0,0.0,0.0,1,1,0,2.868410134978641,9.22950220577276,1121
0,1,0,1,8.809000000000003,0,1,0,0,0,0,0,0,0.0741773409893992,0.0,0.0,0.0,0.0,0.0,0.0,0.0,0.4504472173144877,0.0,0.0,0.0690757508833922,0.0312555212014134,0.0,0.0,0.0,0.0,0.0,0.1949701855123674,0,0,0,2.002830439307996,5.04024587493254,1144
0,0,0,0,6.0950000000000015,0,1,0,0,0,0,0,0,0.0741773409893992,0.0,0.0,0.0,0.0,0.0,0.0,0.0,0.4504472173144877,0.0,0.0,0.0690757508833922,0.0312555212014134,0.0,0.0,0.0,0.0,0.0,0.1949701855123674,1,0,1,2.175773926127659,4.514424572681346,1144
0,0,0,0,2.742,0,0,0,0,0,1,0,0,0.3746023390474446,0.0,0.0,0.0405499736799944,0.0,0.0,0.0,0.0,0.0,0.0,0.0,0.0,0.0,0.0,0.0,0.0,0.0,0.5524569152953563,0.0,1,1,0,3.805150235779323,7.354781948063856,1172
0,1,1,0,14.967,0,1,0,0,0,0,0,0,0.0,0.0,0.0,0.0,0.0,0.0,0.0,0.0,0.0,0.0,0.0,0.0,0.0,0.0,0.0,0.0,0.0,0.0,1.0,0,0,0,2.9503164100235084,3.5913217505191306,1172
0,0,0,0,0.528,0,1,0,0,0,0,0,0,0.1324757067137808,0.0,0.133342535335689,0.1443518109540636,0.0,0.0,0.0,0.0,0.5000828180212016,0.0,0.0,0.0,0.0,0.0,0.0,0.0,0.0,0.0,0.0897471289752649,1,1,0,2.6338294020709547,10.6967730568146,1178
0,0,0,0,17.880000000000006,0,0,0,0,0,1,0,0,0.0,0.0,0.0342102854004073,0.0,0.0,0.0,0.0,0.0,0.0,0.0323907719772045,0.0,0.0,0.0,0.0,0.0,0.0,0.0,0.0,0.933398942622388,0,0,0,3.744030298578784,7.353594281228575,1187
0,0,0,0,1.149,0,1,0,0,0,0,0,0,0.3200088339222616,0.0,0.0,0.0,0.0,0.0,0.0,0.0,0.648735644876325,0.0,0.0,0.0,0.0,0.0,0.0,0.0,0.0,0.0,0.0,0,0,0,1.2848151921700368,2.908975409627709,1191
0,1,1,0,10.197,0,0,0,0,0,0,0,1,0.0,0.0,0.0339538423097017,0.0,0.0,0.0,0.0,0.0,0.0,0.0,0.0,0.0,0.0,0.0,0.0,0.0,0.0,0.0,0.9660461576902984,1,0,1,1.773934884315503,2.861343370515339,1197
0,1,1,0,48.34500000000001,0,1,0,0,0,0,0,0,0.0419073862729213,0.0,0.3969463843274536,0.0,0.0,0.0,0.0,0.0,0.0,0.0,0.0,0.0,0.0,0.0,0.0,0.0,0.0,0.0,0.5611462293996251,1,0,1,0.8316039237069612,3.938918068890791,1226
0,1,0,1,7.9780000000000015,0,0,0,0,0,0,0,0,0.0974271201413427,0.0,0.0330112632508833,0.0,0.0,0.0,0.0,0.0,0.0,0.8304328621908128,0.0,0.0,0.0391287544169611,0.0,0.0,0.0,0.0,0.0,0.0,1,1,0,-0.3871341514234409,5.086274474304731,1226
0,1,1,0,2.051,0,1,0,0,0,0,0,0,0.1871742491166077,0.0,0.0680598498233214,0.0,0.0,0.0,0.0,0.0,0.0,0.0312555212014134,0.0,0.0,0.0,0.0,0.0,0.0,0.0,0.0,0.7135103798586573,0,0,0,2.1100919808785945,7.428386668696848,1226
0,0,0,0,7.07,0,1,0,0,0,0,0,0,0.0506183745583038,0.0,0.0312555212014134,0.0,0.1800739840989399,0.0,0.0,0.0,0.7030035335689047,0.0,0.0,0.0,0.0,0.0,0.0,0.0,0.0,0.0,0.0,1,1,0,2.7307896880717,7.107442672980002,1237
0,0,0,0,10.362,1,0,0,1,0,0,0,0,0.0235104377257342,0.4018865138677509,0.0339538423097017,0.0,0.0,0.0,0.0,0.0,0.0402460077686663,0.5004031983281467,0.0,0.0,0.0,0.0,0.0,0.0,0.0,0.0,0.0,1,1,0,1.7696842615761976,2.29576186764592,1253
0,0,0,0,100.654,0,1,0,0,0,0,1,0,0.0319119978223624,0.0,0.2412587599207936,0.0,0.0,0.0,0.0,0.0,0.0,0.0,0.0,0.0,0.0,0.0,0.0,0.0,0.0,0.0,0.7268292422568439,1,1,0,1.968370306414048,6.0353259180406615,1264
0,1,1,0,5.872000000000001,0,0,0,0,0,0,0,1,0.3175726324875633,0.0,0.0235104377257342,0.0,0.3291461281602799,0.0,0.0,0.0,0.0,0.0,0.0,0.0,0.0339538423097017,0.0,0.0,0.0,0.0,0.0,0.2958169593167207,1,1,0,3.044093774431869,3.1490111448952147,1275
0,0,0,0,12.666,0,0,1,0,0,0,0,0,0.0,0.4114383390500419,0.5143618108715899,0.0,0.0,0.0402460077686663,0.0,0.0,0.0,0.0339538423097017,0.0,0.0,0.0,0.0,0.0,0.0,0.0,0.0,0.0,0,0,0,1.445506220751737,11.816546179722248,1310
0,1,1,0,14.105,0,0,0,0,0,0,0,0,0.0,0.0,0.0350485865724381,0.0,0.0,0.0,0.0,0.0,0.0,0.0,0.0,0.0,0.0,0.0,0.0,0.0,0.0,0.0,0.964951413427562,0,0,0,2.718792297634112,5.382143676592892,1319
0,1,1,0,8.357000000000001,0,0,0,0,0,0,0,0,0.0,0.0,0.0350485865724381,0.0,0.0,0.0,0.0,0.0,0.0,0.0,0.0,0.0,0.0,0.0,0.0,0.0,0.0,0.0,0.964951413427562,1,1,0,2.64652934445396,3.824524236955309,1319
0,0,0,0,11.232,0,0,0,0,0,0,0,0,0.0,0.0,0.0350485865724381,0.0,0.0,0.0,0.0,0.0,0.0,0.0,0.0,0.0,0.0,0.0,0.0,0.0,0.0,0.0,0.964951413427562,1,1,0,2.123099511019299,3.126541213665405,1319
0,1,0,1,14.164,0,0,0,0,0,0,0,1,0.5035549599073212,0.0,0.2166708311564408,0.0,0.0,0.0,0.0,0.0,0.0,0.0,0.0,0.0,0.0,0.0,0.0,0.0,0.0,0.0235104377257342,0.2562637712105036,1,1,0,2.45933239866857,4.522777218616657,1319
0,1,1,0,12.088,0,0,0,0,0,0,0,0,0.0391287544169611,0.0,0.4569015017667844,0.0,0.0,0.0,0.0,0.0,0.0,0.0642667844522968,0.0,0.0,0.0,0.0,0.0,0.0,0.0,0.0,0.4397029593639576,1,0,1,1.947765569554773,3.308497126373235,1368
0,1,1,0,13.262,0,0,1,0,0,0,0,0,0.0,0.0370860493301451,0.0600609256772249,0.0,0.0,0.0,0.2532411805168856,0.0,0.0,0.0,0.0,0.0,0.0,0.0,0.0,0.0,0.0,0.1427233122604736,0.0880146745717185,1,1,0,2.511223958105374,8.766433870965809,1368
0,1,0,1,9.367,0,1,0,0,0,0,0,0,0.0,0.0,0.0,0.0,0.0974271201413427,0.0,0.0,0.0,0.0312555212014134,0.0,0.0,0.0,0.0,0.0,0.0,0.0,0.0,0.0,0.8713173586572438,1,1,0,5.261627448230205,6.605277623042607,1379
0,1,1,0,2.62,0,0,0,0,0,1,0,0,0.0,0.0,0.0,0.0,0.0,0.0,0.0,0.0,0.0,0.0,0.0,0.0,0.0,0.0,0.0,0.0,0.0,0.0,1.0,1,1,0,1.983481150533925,9.323457695662178,1392
0,0,0,0,0.984,0,1,0,0,0,0,0,0,0.0,0.0,0.0,0.0,0.0,0.0,0.0,0.0,0.0312555212014134,0.0,0.0,0.0,0.0,0.0,0.0,0.0,0.0,0.0,0.9687444787985866,0,0,0,0.1789826555284401,3.795938526407344,1409
0,0,0,0,2.4450000000000003,0,0,0,0,0,0,0,0,0.3200088339222616,0.18007398409894,0.0663041077738515,0.0,0.0,0.0897471289752649,0.0,0.0,0.0,0.0690757508833922,0.0,0.0,0.0,0.0,0.0,0.0,0.2417789310954064,0.0,0.0,0,0,0,0.23031775506221,2.5181802265509257,1409
0,0,0,0,12.287,0,1,0,0,0,0,0,0,0.3706272084805654,0.0,0.2417789310954064,0.0,0.0,0.0391287544169611,0.0312555212014134,0.0,0.0,0.0,0.18007398409894,0.0,0.0,0.0,0.0,0.0,0.0,0.0,0.1371356007067137,0,0,0,0.2199384203652614,6.10062607973941,1409
0,0,0,0,2.5620000000000003,0,0,0,0,0,0,0,0,0.1041243374558303,0.0330112632508833,0.0818738957597173,0.0,0.0,0.18007398409894,0.0,0.0,0.2417789310954064,0.0,0.0,0.0,0.0,0.0,0.0,0.0,0.0,0.0391287544169611,0.0,0,0,0,0.4971322966339881,8.613808519144357,1409
0,1,0,1,1.4300000000000002,0,1,0,0,0,0,0,0,0.1286826413427562,0.0,0.0,0.0,0.0,0.0,0.0,0.0,0.2279814487632508,0.0,0.0,0.0,0.0,0.0,0.0,0.0,0.0,0.1041243374558303,0.0,0,0,0,-0.028399474521698,2.972975286431375,1409
0,1,1,0,1.0470000000000002,0,1,0,0,0,0,0,0,0.0,0.0,0.0391287544169611,0.0,0.1800739840989399,0.0,0.0,0.0,0.0,0.1443518109540635,0.0,0.0,0.0,0.0,0.0,0.0,0.0,0.3890845848056538,0.2473608657243815,0,0,0,1.0848513734180727,7.149266703334509,1416
0,1,1,0,13.983,0,0,0,0,0,1,0,1,0.1070974263453194,0.0,0.0,0.0,0.0,0.0,0.0,0.0,0.0,0.0556584058333143,0.0,0.0,0.0,0.0,0.0,0.0,0.0,0.0,0.8372441678213662,1,1,0,3.05480274713098,6.084629245193314,1437
0,1,1,0,6.5950000000000015,0,0,0,0,0,0,0,0,0.0,0.0,0.0,0.0,0.0,0.0,0.0,0.0,0.0,0.0,0.0,0.0,0.0,0.0,0.0,0.0,0.0,0.0,1.0,1,1,0,1.0811269743270904,5.258546902309315,1447
0,1,1,0,8.847999999999999,0,1,0,0,1,0,0,0,0.3150839082146877,0.0,0.0,0.0710297851058161,0.0,0.0,0.5025686188169676,0.1113176878625285,0.0,0.0,0.0,0.0,0.0,0.0,0.0,0.0,0.0,0.0,0.0,1,1,0,2.953398720537913,4.618116025821058,1448
0,0,0,0,116.331,0,1,0,0,1,0,0,0,0.3150839082146877,0.0,0.0,0.0710297851058161,0.0,0.0,0.5025686188169676,0.1113176878625285,0.0,0.0,0.0,0.0,0.0,0.0,0.0,0.0,0.0,0.0,0.0,1,1,0,2.180191444779979,3.181547719602201,1448
0,0,0,0,156.488,0,1,0,0,0,0,0,0,0.1588228798586572,0.0,0.0,0.0,0.0,0.0350485865724381,0.0,0.0,0.741861749116608,0.0,0.0,0.0,0.0,0.0,0.0,0.0,0.0,0.0,0.0642667844522968,0,0,0,3.417005111867669,5.707445756637935,1458
0,0,0,0,3.3270000000000004,0,1,0,0,1,0,0,0,0.1983968476735398,0.380389722552089,0.0,0.0,0.0,0.0,0.0,0.0494872071683039,0.0382543452445211,0.1617888373097268,0.0,0.0,0.0305570549498002,0.0,0.0,0.0,0.0,0.0,0.0,0,0,0,2.6530306746814367,2.8037239511704923,1463
0,0,0,0,16.976000000000006,0,0,0,0,0,0,0,0,0.2521698321554769,0.0,0.0330112632508833,0.0,0.0,0.0,0.0,0.0,0.0,0.0,0.0,0.0,0.0,0.0,0.0,0.0,0.0,0.0,0.7148189045936397,1,1,0,2.8310934516123445,7.485893884009279,1489
0,1,0,1,12.251,0,1,0,0,0,0,0,0,0.0513417815877748,0.0,0.300296103035574,1.5529879488135185e-05,0.0108657390151985,0.0,0.0,0.0,0.0,0.0,0.0,0.0,0.0,0.0,0.0,0.0,0.0,0.0,0.6374808464819646,0,0,0,4.212320171927504,7.628700002939585,1524
0,1,0,1,9.496,0,0,0,0,0,1,0,0,0.0,0.0,0.0,0.0,0.1443518109540635,0.0,0.0,0.0,0.0,0.0,0.0,0.0,0.0,0.0,0.0,0.0,0.0,0.0,0.8205996024734983,0,0,0,1.7737652058557765,10.798411982011158,1549
0,0,0,0,10.213,0,0,0,0,0,1,0,0,0.0,0.0,0.0,0.0,0.1800739840989399,0.0,0.0350485865724381,0.0,0.0,0.0,0.0,0.0,0.0,0.0,0.0,0.0,0.0,0.0,0.7848774293286219,0,0,0,1.420212579323351,4.762267947472443,1549
0,1,1,0,12.287,0,0,0,0,0,0,0,0,0.0690757508833922,0.1800739840989399,0.0680598498233214,0.0,0.0,0.0,0.0,0.0,0.0,0.0312555212014134,0.0,0.0,0.0,0.0,0.0,0.0,0.0,0.0974271201413427,0.4097559628975266,0,0,0,0.1963888140053901,5.143807455538316,1557
0,1,1,0,17.128,0,1,0,0,0,0,0,0,0.0350485865724381,0.0,0.0642667844522968,0.0,0.3200088339222616,0.0,0.0,0.0,0.0,0.0,0.0,0.0,0.0,0.0,0.0,0.0,0.0,0.0,0.5806757950530036,0,0,0,3.429266401589748,11.621120818675047,1561
0,0,0,0,20.786,0,1,0,0,0,0,0,0,0.6811411480250412,0.0346470617130318,0.0308974505919146,0.0,0.0,0.0963109721153374,0.0,0.0,0.0,0.0,0.0,0.0,0.0,0.0,0.0,0.0,0.0,0.0682844028184849,0.0386804861941174,0,0,0,-0.6772738314036552,6.9151111580450815,1564
0,0,0,0,21.403,0,1,0,0,0,0,0,0,0.0,0.0,0.0330112632508833,0.0,0.0,0.0,0.0,0.0,0.1509496466431095,0.0974271201413427,0.0,0.0,0.0,0.0,0.0,0.0,0.0,0.0350485865724381,0.6835633833922263,1,0,0,2.667228206581955,8.722040461924509,1567
0,1,0,1,28.279000000000003,0,1,0,0,0,1,0,0,0.1020870141342756,0.0,0.0897471289752649,0.0,0.0,0.0,0.0,0.0,0.0,0.0350485865724381,0.0,0.0,0.0,0.0,0.0,0.0,0.0,0.0,0.7731172703180214,1,1,0,2.60638654732571,11.2899257533106,1578
0,0,0,0,28.284,0,0,0,0,0,1,0,0,0.18105675795053,0.0312555212014134,0.0,0.3200088339222615,0.0,0.0,0.0,0.0,0.0,0.0690757508833922,0.0391287544169611,0.0,0.0,0.0,0.0,0.0,0.0,0.0350485865724381,0.3244257950530035,1,0,1,3.342119479724244,4.529508700064178,1578
0,0,0,0,300.0,0,0,0,0,0,0,0,0,0.5000828180212016,0.0,0.0,0.0,0.0,0.0,0.0,0.0,0.0330112632508833,0.1394600265017667,0.0,0.0,0.0,0.0350485865724381,0.0,0.0,0.0,0.0,0.2923973056537102,0,0,0,4.290103213323231,8.295411961720395,1578
0,0,0,0,0.2,0,1,0,0,0,0,0,0,0.0391287544169611,0.0,0.0,0.0,0.0,0.0,0.0,0.0,0.0,0.0,0.0,0.0,0.0,0.0,0.0,0.0,0.0,0.0,0.9608712455830388,0,0,0,2.284930157755325,5.276838334870913,1606
0,1,0,1,18.295,0,0,0,0,0,0,0,0,0.0690757508833922,0.0974271201413427,0.0506183745583038,0.0,0.0,0.4628699204946996,0.0,0.0,0.0,0.0,0.0,0.0,0.0,0.0,0.0,0.0,0.0,0.0,0.0,0,0,0,3.778651600004989,7.533058748945329,1620
0,0,0,0,14.579,0,1,0,0,0,0,0,0,0.0391287544169611,0.0,0.0690757508833922,0.0,0.0680598498233214,0.0,0.0,0.0,0.1443518109540636,0.0974271201413427,0.0,0.0,0.0,0.0,0.0,0.0,0.0,0.0506183745583038,0.5000828180212016,0,0,0,2.965582296603108,5.768486607079466,1635
0,1,0,1,17.102,0,1,0,0,0,0,0,0,0.6485080695779369,0.0,0.0,0.0,0.0,0.0,0.0,0.0,0.0326330784471042,0.0,0.0,0.0,0.0,0.0,0.0,0.0,0.0,0.0,0.3188588519749589,1,0,1,3.951897351071008,4.980835662857737,1659
0,0,0,0,5.542999999999999,0,1,0,0,0,0,0,0,0.3200088339222616,0.0,0.3455609540636042,0.0,0.0,0.0,0.0,0.0,0.0,0.0,0.0,0.0,0.0,0.0,0.0,0.0,0.0,0.0391287544169611,0.2953014575971731,1,0,1,2.787107808338984,7.663796973790583,1720
0,1,1,0,61.00400000000001,0,0,0,0,0,1,0,0,0.0312555212014134,0.0,0.0,0.0,0.0350485865724381,0.0,0.0,0.0,0.0,0.0,0.0,0.0,0.0,0.0,0.0,0.0,0.0,0.0,0.9336958922261483,1,0,1,2.775272617368939,5.623320512441094,1726
0,1,1,0,300.0,0,1,0,0,0,0,0,0,0.0,0.0,0.0312555212014134,0.0,0.0,0.0,0.0,0.0,0.0,0.0,0.0,0.0,0.0,0.0,0.0,0.0,0.0,0.0,0.9687444787985866,1,0,1,2.3218974040264184,6.919509921679306,1730
0,0,0,0,21.643,0,0,0,0,0,0,0,0,0.2768275176678444,0.0391287544169611,0.0642667844522968,0.0,0.5000828180212016,0.0,0.0,0.0,0.0,0.0,0.0,0.0,0.0,0.0,0.119694125441696,0.0,0.0,0.0,0.0,1,1,0,3.758428837386141,6.771896608918524,1743
0,0,0,0,29.335,0,0,0,0,0,0,0,0,0.0391287544169611,0.0506183745583038,0.0690757508833922,0.0,0.0,0.0,0.0,0.0,0.0,0.0,0.0,0.0,0.0,0.0,0.0,0.0,0.1800739840989399,0.4643606448763251,0.0974271201413427,0,0,0,1.9761621922258343,4.062509838702082,1753
0,0,0,0,20.443,0,0,0,0,0,1,0,0,0.2134275618374558,0.0721400176678444,0.0506183745583038,0.0,0.0,0.0,0.0,0.0,0.0,0.0663041077738515,0.0,0.0,0.0,0.0,0.0,0.0,0.0,0.5975099381625443,0.0,0,0,0,-2.0249533563957662,3.2629309870643715,1753
0,1,0,1,10.32,0,0,0,0,0,1,0,0,0.0405499736799944,0.0,0.0524569152953562,0.0323907719772045,0.0,0.0,0.0,0.0,0.0,0.0,0.0,0.0,0.518246629894949,0.0,0.0,0.1351761151671892,0.0,0.0,0.0715846932002837,1,1,0,2.9500024218478167,4.470563930190778,1753
0,1,0,1,9.117,0,0,0,0,0,0,0,0,0.3376249957913875,0.0,0.0477222989124945,0.0,0.0,0.0,0.0,0.0,0.0,0.5362715060098988,0.0,0.0,0.0,0.0,0.0,0.0,0.0,0.0,0.0402612706642873,1,1,0,1.2357621268153434,4.221872553774939,99
0,1,0,1,8.302000000000001,0,0,0,0,0,0,0,0,0.0,0.0,0.0,0.0,0.0,0.0,0.0,0.0,0.0,0.0,0.0,0.0,0.0,0.0,0.0,0.0,0.0,0.0,1.0,0,0,0,0.8833542316278902,7.88909827500532,99
0,1,0,1,7.729,0,1,0,0,0,0,0,0,0.3438659452296819,0.0,0.531338339222615,0.0,0.0506183745583038,0.0,0.0,0.0,0.0391287544169611,0.0,0.0350485865724381,0.0,0.0,0.0,0.0,0.0,0.0,0.0,0.0,0,0,0,1.4322232930082908,4.653846057912128,133
0,1,1,0,45.544,0,0,0,0,0,0,0,0,0.1463449522806856,0.0,0.2505607305518046,0.0,0.518246629894949,0.0,0.0,0.0,0.0,0.0,0.0,0.0,0.0,0.0,0.0,0.0,0.0524569152953562,0.0,0.0,1,1,0,3.762803480779296,4.805110614870499,269
0,1,1,0,7.187,0,1,1,0,1,0,0,0,0.4692072718181889,0.0,0.0,0.0,0.0,0.137858297982047,0.0,0.2042562167483066,0.0,0.0,0.0909367895563315,0.0,0.0,0.0,0.0,0.0,0.0,0.0,0.0,0,0,0,1.3630257341805363,2.7353410613381137,289
0,1,0,1,15.18,0,1,0,0,0,0,0,0,0.555848465497574,0.0,0.0386804861941173,0.0,0.0,0.0991818534103995,0.0,0.0,0.0,0.0,0.0,0.0,0.0963109721153374,0.0,0.0,0.0,0.0,0.0,0.1753311610695397,1,1,0,2.2722289729791467,6.17210343901508,324
0,1,1,0,9.836,0,0,0,0,0,0,0,0,0.2513181492109038,0.0635491391678622,0.0,0.0,0.0,0.685132711621234,0.0,0.0,0.0,0.0,0.0,0.0,0.0,0.0,0.0,0.0,0.0,0.0,0.0,1,1,0,2.071157322092138,3.6270838344470593,336
0,1,1,0,2.162,0,0,0,0,0,0,0,1,0.5023593675869056,0.0,0.1676240911946863,0.0,0.0,0.0,0.0,0.0,0.0,0.2893174503442882,0.0,0.0,0.0406990908741199,0.0,0.0,0.0,0.0,0.0,0.0,1,1,0,2.1878474155236223,7.246664543636768,364
0,1,0,1,7.616,0,0,0,0,0,0,0,1,0.5023593675869056,0.0,0.1676240911946863,0.0,0.0,0.0,0.0,0.0,0.0,0.2893174503442882,0.0,0.0,0.0406990908741199,0.0,0.0,0.0,0.0,0.0,0.0,1,1,0,0.7710337192170165,4.252515720512165,364
0,1,1,0,49.913,0,1,0,0,1,1,0,0,0.0,0.0512343721882792,0.0785610844994386,0.0,0.0,0.0,0.0,0.1072074310833854,0.0,0.0,0.7086007592181596,0.0,0.0,0.0,0.0,0.0,0.0,0.0,0.0,1,1,0,3.1219242987917504,4.7743473998319725,381
0,1,1,0,18.872,0,0,0,0,0,1,0,1,0.0,0.0,0.0,0.0,0.0,0.0,0.0,0.0,0.0,0.0369172792407182,0.0,0.0,0.0,0.0,0.0,0.0,0.0,0.0,0.9630827207592818,0,0,0,0.6032224730319583,5.464293562805855,382
0,1,0,1,5.542000000000002,0,0,0,0,0,0,0,0,0.0312555212014134,0.0,0.0,0.0,0.0350485865724381,0.0,0.0,0.0690757508833922,0.0,0.0,0.0,0.0,0.0,0.0,0.0,0.0,0.0,0.0,0.8646201413427562,0,0,0,0.0620353909194527,8.068481902821942,382
0,1,0,1,6.037999999999999,0,0,0,0,0,1,1,0,0.0319119978223624,0.0,0.0779786399372327,0.0,0.022096616655725,0.0,0.0,0.0,0.0,0.0,0.0,0.0,0.0,0.0,0.0,0.0,0.0,0.0,0.8680127455846798,1,1,0,2.922085733385692,4.560957031311766,463
0,1,1,0,16.669,0,0,0,0,0,1,0,0,0.0,0.0,0.0,0.0,0.0,0.0,0.0,0.0,0.0,0.0,0.0,0.0,0.0,0.0,0.0312555212014134,0.0,0.0,0.0,0.9687444787985866,1,0,1,2.2192034840549946,5.0777081012166,463
0,1,0,1,9.047,0,1,0,0,0,0,0,0,0.4218529151943463,0.0350485865724381,0.0,0.0,0.0,0.0,0.0,0.0,0.0,0.0,0.0690757508833922,0.3706272084805654,0.0,0.0,0.0,0.0,0.0,0.0391287544169611,0.0642667844522968,1,0,1,1.7637028714455298,4.086513983106912,463
0,1,0,1,1.847,0,1,0,0,0,0,0,0,0.3583959899749374,0.2972431077694236,0.0,0.0,0.0,0.0,0.0515926179084074,0.0,0.0,0.0,0.0,0.0,0.0,0.0,0.0,0.0,0.0,0.0544907723855092,0.2382775119617225,1,1,0,3.331275507357112,8.64667640119419,463
0,1,0,1,1.351,0,1,0,0,0,0,0,0,0.3583959899749374,0.2972431077694236,0.0,0.0,0.0,0.0,0.0515926179084074,0.0,0.0,0.0,0.0,0.0,0.0,0.0,0.0,0.0,0.0,0.0544907723855092,0.2382775119617225,1,0,1,0.6135627012171029,3.507567387613156,463
0,1,0,1,6.4460000000000015,0,1,0,0,0,0,0,0,0.6615461897824887,0.0921083036117948,0.0,0.0,0.0,0.0,0.0,0.0,0.0,0.0,0.0,0.0,0.0,0.0,0.0,0.0,0.0,0.0637765610086903,0.1825689455970261,1,0,1,0.3008450589780618,4.097074166792967,463
0,1,0,1,24.013,0,0,0,0,0,0,0,1,0.0560823127836842,0.0,0.0,0.0,0.2341412089995963,0.0,0.0765320479097593,0.0,0.0,0.0,0.4344788773749954,0.0,0.0,0.0,0.0,0.0,0.0,0.0,0.1599336897610629,0,0,0,1.7545766781003391,7.267167373504086,463
0,0,0,0,5.604,0,1,0,0,0,0,0,0,0.1676488853402278,0.0,0.4480691481946188,0.0,0.0,0.0,0.0,0.0,0.0,0.0,0.0,0.0,0.0,0.0,0.0,0.0,0.0,0.0,0.3261853161476749,1,1,0,2.545060572607748,7.547426258029661,468
0,0,0,0,6.8690000000000015,0,0,0,0,0,0,0,0,0.0506183745583038,0.0,0.0,0.0,0.0,0.0,0.0,0.0,0.0,0.0,0.0,0.0,0.0,0.0,0.0,0.0,0.0,0.0,0.949381625441696,1,1,0,2.124534403050737,5.222801480671836,489
0,0,0,0,10.421,0,0,0,0,0,0,0,0,0.2516246918687835,0.0690041543845132,0.1874069860313849,0.0,0.0343555532571408,0.0,0.0,0.0,0.0,0.0,0.0,0.0,0.0,0.0,0.0,0.0,0.0,0.0526796642016169,0.4049289502565606,0,0,0,1.9270185352317448,3.5853783198457405,489
0,0,0,0,29.413,0,0,0,0,0,0,0,0,0.2500328306907006,0.0,0.1209140064291056,0.3309333622624058,0.0,0.0,0.0,0.0,0.0,0.0404645399992006,0.0,0.0,0.0,0.0,0.0,0.0,0.0,0.0,0.0,0,0,0,3.575766745482292,8.809412256135795,607
